Abbey,Edward,American,1927-1989.
Abe Kobo,Japanese,1925- .
Abelard,Pierre and Héloïse,French writing in Latin,1079-1142 and 1101-1164.
Abish,Walter,American,1931- .
Abram,David,American,1957- .
Abrams,M. H.,American,1912- .
Abu Bakr Muhammad bin 'Abdulmalik ibn Tufail,Arab in Islamic Spain,ca. 1105-1185.
Achebe,Chinua,Nigerian writing in English,1930-2013.
Acheson,Dean,American,1893-1971.
Adamic,Louis,American,1899-1951.
Adams,Douglas,English,1952-2001.
Adams,Henry,American,1838-1918.
Adams,Léonie,American,1899-1988.
Addams,Jane,American,1860-1935.
Addison,Joseph and Richard Steele,English and Irish-English,1672-1719 and 1672-1729.
Adi Granth,See Sacred Writings of the Sikhs
Adler,Alfred,Austrian,1870-1937.
Adler,Mortimer J. and Charles Van Doren,American,1902-2001 and 1926- .
Adorno,Theodor,German,1903-1969.
Adunis,Lebanese,1930- .
Aeschylus,Greek,525-456/5 BCE.
Aesop,Greek,620-560 BCE.
Agee,James,American,1909-1955.
Agee,Philip,American,1935- .
Agnon,S. Y.,Israeli,1888-1970. Nobel Laureate
Aiken,Conrad,American,1889-1973.
Akhmatova,Anna,Russian,1888-1966.
Aksakov,Sergey,Russian,1791-1859.
Akutagawa Ryunosuke,Japanese,1892-1927.
Alain-Fournier,French,1886-1914.
Alas,Leopoldo (Clarín),Spanish,1852-1901.
Albee,Edward,American,1928- .
Alberti,Rafael,Spanish,1902-1984.
Alcman,Greek,7th C BCE.
Alcott,Louisa May,American,1832-1888.
Aldiss,Brian,English,1925- .
Aleichem,Sholem,See Sholem Aleichem
Aleixandre,Vicente,Spanish,1898-1984. Nobel Laureate
Alexander,Christopher,American,1936- .
Alexievich,Svetlana,Belarusian,1948- . Nobel Laureate
Works
Alfieri,Vittorio,Italian,1749-1803.
Algren,Nelson,American,1909-1981.
Allison,Dorothy,American,1949- .
Alvarez,Julia,American,1950- .
Amichai,Yehuda,Israeli,1934- .
Amis,Kingsley,English,1922-1995.
Amis,Martin,English,1949- .
Ammons,A. R.,American,1926- .
Ampère,André Marie,French,1775-1836.
Amundsen,Roald,Norwegian,1872-1928.
Anand,Margot,French-American writing in English,1943- .
Anantha Murthy,U. R.,Indian writing in Kannada,1932- .
Anaya,Rudolfo,American,1937- .
Andersen Nexø,Martin,Danish,1869-1954.
Andersen,Hans Christian,Danish,1805-1875.
Anderson,Jack,American,1922-2005.
Anderson,Sherwood,American,1876-1941.
Andrade,Eugénio de,Portuguese,1923- .
Andreyev,Leonid,Russian,1871-1919.
Andric,Ivo,Bosnian,1892-1975. Nobel Laureate
Angelou,Maya,American,1928-2014.
Anger,Kenneth,American,1930- .
Various Authors,English,890-1154.
Angulo,Jaime de,American,1887-1950.
Anouilh,Jean,French,1910-1987.
Anselm,St.,Italian-English writing in Latin,1033-1109.
Ansky,S.,Russian writing in Yiddish,1863-1920.
Various Authors,Chinese,8th C BCE-20th C.
Various Authors writing in Arabic,Persian,Turkish,etc.,Arabic,Persian,Turkish,etc.,7th-18th C.
Various Authors,Japanese,8th-19th C.
Various Authors,Korean,1st Millennium-20th C.
Various Authors,Sri Lankan,6th-19th C.
Anwar,Chairil,Indonesian,1922-1949.
Anzaldua,Gloria,American,1942-2004.
Various Authors,Jews writing in Hebrew and Aramaic,2nd C BCE-1st C CE.
Apollinaire,Guillaume,French,1880-1918.
Apollonius of Perga,Greek,fl. 247-205 BCE.
Apollonius Rhodius,Greek,fl. 220 BCE.
Appelfeld,Aharon,Israeli,1932- .
Applewhite,James,American,1935- .
Apuleius,Roman,fl. ca. 155 CE.
Aquinas,St. Thomas,See Thomas Aquinas,St
Arabian Nights,See Thousand and One Nights
Aragon,Louis,French,1897-1982.
Archilochus,Greek,7th C BCE.
Archimedes,Greek,ca. 287-212 BCE.
Arden,John,English,1930- .
Arenas,Reinaldo,Cuban,1943-1990.
Arendt,Hannah,American,1906-1975.
Ariès,Philippe,French,1914-1984.
Ariosto,Ludovico,Italian,1474-1533.
Aristophanes,Greek,448-388 BCE.
Aristotle,Greek,384-322 BCE.
Armah,Ayi K.,Ghanaian writing in English,1939- .
Arnold,Matthew,English,1822-1888.
Aron,Raymond,French,1905-1983.
Arora,David,American,fl. 1979.
Arreola,Juan Jose,Mexican,1918-2001.
Arrian,Greek,ca. 100-180 CE.
Arrow,Kenneth,American,1921- .
Artaud,Antonin,French,1896-1948.
Asch,Sholem,Polish-American writing in Yiddish,1880-1957.
Ashbery,John,American,1927- .
Ashton-Warner,Sylvia,New Zealander,1908-1984.
Ashvaghosha,Indian writing in Sanskrit,1st-2nd C CE.
Asimov,Isaac,American,1920-1992.
Asturias,Miguel Angel,Guatemalan,1899-1974. Nobel Laureate
Athanasius,St.,Byzantine Greek,ca. 297-373.
Atkinson,Kate,English,1951- .
Atwood,Margaret,Canadian,1939- .
Aubigné,Agrippa d',French,1552-1630.
Aubrey,John,English,1626-1697.
Auden,W. H.,English,1907-1973.
Auerbach,Erich,German,1892-1957.
Augustine,St.,North African writing in Latin,354-430.
Austen,Jane,English,1775-1817.
Auster,Paul,American,1947- .
Averroes (Ibn Rushd),Arab in Islamic Spain,1126-1198.
Avogadro,Amadeo,Italian,1776-1856.
Anonymous,Indian (extant only in Chinese translation),5th-6th C.
Ayensu,Edward S. and Robert A. DeFilipps,Ghanaian-American and American,1935- and 1939-.
Aztecs,Aztecs (Mexico),12th-15th C.
Azuela,Mariano,Mexican,1873-1952.
Babbitt,Irving,American,1865-1933.
Babel,Isaac Emmanuelovich,Russian,1894-ca. 1940 .
Bach,George R. and Herb Goldberg,American,1914-1986 and 1937-.
Bach,Richard,American,1936- .
Bachelard,Gaston,French,1884-1962.
Bachmann,Ingeborg,Austrian,1926-1973.
Bacon,Francis,English,1561-1626.
Badi' al-Zaman al-Hamadhani,Persian writing in Arabic,969-1008.
Bai Juyi (Po Chü-i),Chinese,772-846.
Baker,Nicholson,American,1957- .
Baldwin,James,American,1924-1987.
Ball,Edward,American,1959- .
Ballard,J. G.,English,1930-2009.
Balzac,Honoré de,French,1799-1850.
Banerji,Bibhutibhusan,Indian writing in Bengali,1894-1950.
Banfield,Edward C.,American,1916-1999.
Banham,Reyner,English,1922-1988.
Baraka,Amiri,See Jones,Leroi
Barnes,Harry Elmer,American,1889-1968.
Baroja,Pio,Basque Spanish,1872-1956.
Barrie,J. M.,Scottish,1860-1937.
Barth,John,American,1930- .
Barth,Karl,Swiss writing in German,1886-1968.
Barthélemy St.-Hilaire,Jules,French,1805-1895.
Barthelme,Donald,American,1931-1989.
Barthes,Roland,French,1915-1980.
Basho,Matsuo,Japanese,1644-1694.
Bassani,Giorgio,Italian,1916-2000.
Bataille,Georges,French,1897-1962.
Batatu,Hanna,Palestinian writing in English,1926-2000.
Bate,W. Jackson,American,1918-1999.
Bates,Henry Walter,English,1825-1892.
Baudelaire,Charles,French,1821-1867.
Baum,L. Frank,American,1856-1919.
Bayatli,Yahya Kemal,Turkish,1884-1958.
Bazin,Andre,French,1918-1958.
Beaumarchais,Pierre-Augustin Caron de,French,1732-1799.
Beaumont,Francis,and John Fletcher,English,1584-1616 and 1579-1625.
Beauvoir,Simone de,French,1908-1986.
Beck,Charlotte Joko,American,1917- .
Beck,Simone,French,1904-1991.
Beckett,Samuel,Irish writing in French and English,1906-1989. Nobel Laureate
Bécquer,Gustavo Adolpho,Spanish,1836-1870.
Beddoes,Thomas Lovell,English,1803-1849.
Beerbohm,Max,English,1872-1956.
Behe,Michael J.,American,1952- .
Behn,Aphra,English,1640-1689.
Bell,Daniel,American,1919- .
Belli,Giuseppe Gioachino,Italian,1791-1863.
Bellow,Saul,American,1915-2005. Nobel Laureate
Bely,Andrey,Russian,1880-1934.
Ben Ezra,Moses ben Jacob,Jew in Islamic Spain writing in Hebrew,ca. 1055-1138.
Benavente,Jacinto,Spanish,1866-1954. Nobel Laureate
Works.
Benedict,Ruth,American,1887-1948.
Benjamin,Walter,German,1892-1940.
Benn,Gottfried,German,1886-1956.
Bennett,Arnold,English,1867-1931.
Bentham,Jeremy,English,1748-1832.
Anonymous,English,8th C.
Berger,Peter,American,1929- .
Berger,John,English,1926- .
Berger,Thomas,American,1924- .
Bergson,Henri,French,1859-1941. Nobel Laureate
Berkeley,George,Irish-English,1685-1753.
Berkman,Alexander,American,1870-1936.
Berlin,Isaiah,English,1909-1997.
Bernard,Claude,French,1813-1878.
Bernays,Edward L.,American,1891-1995.
Bernhard,Thomas,Austrian,1931-1989.
Berryman,John,American,1914-1972.
Bettelheim,Bruno,Austrian-American writing in English,1903-1990.
Anonymous,Indian writing in Sanskrit,ca. 200 BCE.
Bhartrhari,Indian writing in Sanskrit,7th C.
Bialik,Chaim Nachman,Ukrainian-Palestinian Jew writing in Hebrew,1873-1934.
Various Authors,Jews writing in Hebrew,13th-2nd C BCE.
Various Authors,Jewish Christians writing in Greek,1st C CE.
Bierce,Ambrose,American,1842-1914? .
Bilhana,Indian writing in Sanskrit,ca. 1040-1095.
Billington,Ray Allen,American,1903-1981.
Various Authors,Arab,8th-11th C.
Bishop,Elizabeth,American,1911-1979.
Bjørnson,Bjørnsterne,Norwegian,1832-1910. Nobel Laureate
Works.
Black Elk,Native American,1863-1950.
Blake,William,English,1757-1827.
Blake,Robert,English,1916-2003.
Blake,William,English,1757-1827.
Blanchot,Maurice,French,1907-2003.
Bland,David Farrant,English,ca. 1911-1970.
Bloch,Marc,French,1886-1944.
Blok,Aleksandr,Russian,1880-1921.
Bloom,Allan,American,1930-1992.
Bloom,Harold,American,1930- .
Blume,Judy,American,1938- .
Boas,Franz,American,1858-1942.
Bobbio,Norberto,Italian,1909-2004.
Bobrowski,Johannes,German,1917-1965.
Boccaccio,Giovanni,Italian,1313-1375.
Bodhidharma (Daruma),Indian-Chinese,ca. 470-543 .
Boethius,Roman,ca. 480-524.
Bogan,Louise,American,1887-1970.
Bohr,Niels,Danish,1885-1962.
Boiardo,Matteo Maria,Italian,1441-1494.
Boileau-Despréaux,Nicolas,French,1636-1711.
Böll,Heinrich,German,1917-1985. Nobel Laureate
Bond,Edward,English,1934- .
Bonnefoy,Yves,French,1923- .
Anonymous,Turkish,15th C.
Anonymous,Egyptian,Ancient,23rd-16th C BCE.
Boorstin,Daniel,American,1914-2004.
Borges,Jorge Luis,Argentinian,1899-1986.
Borkin,Joseph,American,1911-1979.
Borrow,George,English,1803-1881.
Bossuet,Jacques-Bénigne,French,1627-1704.
Boston Women's Health Book Collective,American,Pub. 1973.
Boswell,James,Scottish,1740-1795.
Botkin,B. A.,American,1901-1975.
Bouton,Jim,American,1939- .
Bowen,Elizabeth,Anglo-Irish,1899-1973.
Bowers,Edgar,American,1924-2000.
Bowles,Paul,American,1910-1999.
Bowra,Sir Cecil Maurice,English,1898-1971.
Boyer,Richard O.,American,1903-1973.
Boyle,Kay,American,1903-1992.
Boyle,T. Coraghessan,American,1948- .
Bracher,Karl Dietrich,German,1922- .
Bradbury,Malcolm,English,1932-2000.
Bradbury,Ray,American,1920-2012.
Braine,John,English,1922-1986.
Braudel,Fernand,French,1902-1985.
Braverman,Harry,American,1920-1976.
Brecht,Bertolt,German,1898-1956.
Breton,André,French,1896-1966.
Breuil,Henri,French,1877-1961.
Bridges,Robert,English,1844-1930.
Broch,Hermann,Austrian,1886-1951.
Brodie,Fawn M.,American,1915-1981.
Brodkey,Harold,American,1930-1996.
Brodsky,Joseph,Russian-American writing in English,1940-1996. Nobel Laureate
Various authors,Aztecs (Mexico),1519 ff..
Brontë,Charlotte,English,1816-1855.
Brontë,Emily,English,1818-1848.
Brower,David,American,1912-2000.
Brown,Dee Alexander,American,1908-2002.
Brown,George Douglas,See Douglas,George
Brown,Margaret Wise,American,1910-1952.
Brown,Norman O.,American,1913-2002.
Browne,Sir Thomas,English,1605-1682.
Browning,Robert,English,1812-1849.
Brownmiller,Susan,American,1935- .
Brunhoff,Jean de,French,1899-1937.
Bruno,Giordano,Italian,1548-1600.
Bryant,William Cullen,American,1794-1878.
Bryson,Bill,American,1951?-.
Buber,Martin,Austrian,1878-1965.
Büchner,Georg,German,1813-1837.
Buck,Pearl S.,American,1892-1973. Nobel Laureate
Works.
Buckley,William F.,American,1925-2008.
Various Authors,writing in Pali and Sanskrit,Indians writing in Pali and Sanskrit,100-400 CE.
Various Authors,Japanese,fl. 1185-1333.
Bukowski,Charles,American,1920-1994.
Bulgakov,Mikhail,Russian,1891-1940.
Bulwer-Lytton,Edward,English,1803-1873.
Bunin,Ivan,Russian,1870-1953. Nobel Laureate
Bunting,Basil,English,1900-1985.
Buñuel. Luis,Spanish,1900-1983.
Bunyan,John,English,1628-1688.
Burgess,Anthony,English,1917-1994.
Burke,Edmund,Irish,1729-1797.
Burke,Kenneth,American,1897-1993.
Burkert,Walter,German,1931- .
Burney,Fanny,English,1752-1840.
Burnham,James,American,1905-1987.
Burns,Robert,Scottish,1759-1796.
Burroughs,William S.,American,1914-1997.
Burroughs,Edgar Rice,American,1875-1950.
Burton,Robert,English,1577-1640.
Burton,Sir Richard Francis,English,1821-1890.
Butler,Joseph,English,1692-1752.
Butler,Samuel,English,1613-1680.
Butler,Samuel,English,1835-1902.
Buzzati,Dino,Italian,1906-1972.
Byatt,A. S.,English,1936- .
Byron,George Gordon,Lord,English,1788-1824.
Byron,Robert,English,1905-1941.
Cabrera Infante,Guillermo,Cuban,1929- .
Cahan,Abraham,American,1860-1951.
Caillois,Roger,French,1913-1978.
Cain,James M.,American,1892-1977.
Calderón de la Barca,Pedro,Spanish,1600-1681.
Caldwell,Erskine,American,1903-1987.
Calimachus,Greek,ca. 310 BCE-?.
Calvin,John,Swiss writing in Latin,1509-1564.
Calvino,Italo,Italian,1923-1985.
Cameron,Julia,American,1948- .
Camões,Luís Vaz de,Portuguese,1524-1580.
Campana,Dino,Italian,1885-1932.
Campanella,Tomasso,Italian,1568-1639.
Campion,Thomas,English,1567-1620.
Camus,Albert,French,1913-1960. Nobel Laureate
Canetti,Elias,Austrian,1905-1994. Nobel Laureate
Anonymous,Spanish,ca. 1140.
Cao Xueqin (Ts'ao Hsüeh-ch'in),Chinese,1715-1763.
Capek,Karel,Czech,1890-1938.
Capote,Truman,American,1924-1984.
Capra,Fritjof,Austrian-American writing in English,1939- .
Carducci,Giosué,Italian,1835-1907. Nobel Laureate
Carew,Thomas,English,1594-1640.
Carey,Peter,Australian,1943- .
Carleton,Jetta,American,c.1913-1999.
Carlyle,Thomas,English,1795-1881.
Carmi,T.,Israeli,1925- .
Carnegie,Dale,American,1888-1955.
Caro,Robert,American,1935- .
Carpentier,Alejo,Cuban,1904-1980.
Carr,E. H.,English,1892-1982.
Carroll,Lewis,English,1832-1898.
Carson,Rachel,American,1907-1964.
Carver,Raymond,American,1938-1988.
Cary,Joyce,Irish-English,1888-1957.
Casanova,Giacomo,Italian,1725-1798.
Castaneda,Carlos,American,1931-1998.
Castiglione,Baldassare,Italian,1478-1529.
Castoriadis,Cornelius,French,1922-1997.
Cather,Willa,American,1876-1947.
Catt,Carrie Chapman,American,1859-1947.
Catullus,Roman,ca. 84-ca. 54 BCE.
Caudwell,Sarah,English,1939-2000.
Cavafy,C. P.,Greek,1863-1933.
Cecil,David,Lord,English,1902-1986.
Cela,Camilo José,Spanish,1916-2002. Nobel Laureate
Celan,Paul,Austrian-French writing in German,1920-1970.
Céline,Louis-Ferdinand,French,1894-1961.
Cellini,Benvenuto,Italian,1500-1571.
Various Authors writing in Celtic languages,Celtic languages,7th-19th C.
Cernuda,Luis,Spanish,1902-1963.
Cervantes de Saavedra,Miguel de,Spanish,1547-1616.
Césaire,Aimé,Martinican,1913-2008.
Chaianov,A. V. (Chayanov),Russian,1888-1939.
Chambers,Whittaker,American,1901-1961.
Chamfort,Sébastien-Roch Nicolas de,French,ca. 1740-1794.
Various Authors,Chinese,6th-10th C (with commentaries from the 16th-20th C).
Chandidas,Indian writing in Bengali,15th C.
Chandler,Raymond,American,1888-1959.
Anonymous,French,11th C.
Chapman,George,English,ca. 1559-1634.
Char,René,French,1907-1988.
Charters,Samuel,American,1929- .
Charvaka,Indian,ca. 600 BCE.
Chase,Allan,American,1913-1993.
Chateaubriand,Francois-Rene de,French,1768-1848.
Chaucer,Geoffrey,English,1342-1400.
Cheever,John,American,1912-1982.
Chekhov,Anton,Russian,1860-1904.
Chernow,Ron,American,1949- .
Chernyshevsky,Nikolay,Russian,1828-1889.
Chesnutt,Charles W.,American,1858-1932.
Chesterton,G. K.,English,1874-1936.
Chikamatsu Monzaemon,Japanese,1653-1725.
Child,Julia,See Beck,Simone
Chin P'ing Mei,See Jinpingmei
Various Authors,Chinese,13th-20th C.
Various Authors,Chinese,10th C BCE-20th C.
Chomsky,Noam,American,1928- .
Chopin,Kate,American,1851-1904.
Chrétien de Troyes,French,fl. 1160-1190.
Christie,Agatha,English,1890-1976.
Christine de Pizan,Italian-French,ca. 1364-ca. 1430.
Various Authors,Chinese,3rd C BCE-2nd C CE.
Chu Hsi,See Zhu Xi
Chuang Tzu (Zhuangzi),Chinese,369-286 BCE.
Churchill,Winston,English,1874-1965. Nobel Laureate
Churchill,Caryl,English,1938- .
Churchill,Winston,English,1874-1965. Nobel Laureate
Cicero,Roman,106-43 BCE.
Cioran,Emil M.,French,1911-1995.
Cisneros,Sandra,American,1954- .
Clampitt,Amy,American,1920-1994.
Clare,John,English,1793-1864.
Clark,Alan,English,1928-1999.
Clark,Kenneth,English,1903-1983.
Clark (-Bekederemo),John Pepper,Nigerian writing in English,1935- .
Clarke,Arthur C.,English,1917-2008.
Various Authors,Japanese,8th-17th C. .
Classical Literary Criticism,See Aristotle,Horace,Longinus
Clausewitz,Karl von,German,1780-1831.
Cleaver,Eldridge,American,1935-1998.
Clough,Arthur Hugh,English,1819-1861.
Cockburn,Andrew,American,1947- .
Cockburn,Claud,English,1904-1981.
Cocteau,Jean,French,1889-1963.
Coetzee,J. M.,South African,1940- . Nobel Laureate
Cohn,Norman,English,1915-2007.
Coleridge,Samuel Taylor,English,1772-1834.
Coles,Robert,American,1929- .
Colette,French,1873-1954.
Collingwood,R. G.,English,1889-1943.
Collins,Wilkie,English,1824-1889.
Collins,William,English,1721-1759.
Comfort,Alex,English,1920-2000.
Commynes,Philippe de,French,ca. 1447-1511.
Comnena,Anna,Byzantine Greek,1083-ca. 1153.
Compton-Burnett,Ivy,English,1892-1969.
Comte,Auguste,French,1798-1857.
Conan Doyle,Sir Arthur,English,1859-1930.
Confucius (Kong Fuzi),Chinese,551-479 BCE.
Congreve,William,English,1670-1729.
Conquest,Robert,English,1917- .
Conrad,Joseph,English,1857-1924.
Constant,Benjamin,French,1767-1830.
Various Authors,Various Nations,Various,20th C.
Various Authors,Indonesian,20th C.
Cook,James,English,1728-1779.
Cooper,James Fenimore,American,1789-1851.
Cooper,William,English,1910-2002.
Coover,Robert,American,1932- .
Copernicus,Polish writing in Latin,1473-1543.
Corbière,Tristan,French,1845-1875.
Corn,Alfred,American,1943- .
Corneille,Pierre,French,1606-1684.
Cortázar,Julio,Argentinian,1914-1984.
Cowper,William,English,1731-1800.
Cozzens,James Gould,American,1903-1978.
Crabbe,George,English,1754-1832.
Crane,Hart,American,1899-1932.
Crane,Stephen,American,1871-1900.
Crase,Douglas,American,1944- .
Crashaw,Richard,English,1612-1649.
Croce,Benedetto,Italian,1866-1952.
Croly,Herbert,American,1869-1930.
Cronon,William,American,1954- .
Crowley,John,American,1942- .
cummings,e. e.,American,1894-1962.
Cunha,Euclides da,Brazilian,1866-1909.
Curie,Marie,Polish-French,1867-1934.
Curnonsky,French,1872-1956.
Curtius,Ernst Robert,German,1886-1956.
Various authors,Various,Pub. 1951.
Dahl,Robert,American,1915- .
Dalí,Salvador,Spanish,1904-1989.
Dalton,John,English,1766-1844.
Daly,Mary,American,1928- .
Dana,Richard Henry,American,1815-1882.
Dangerfield,George,English,1904-1986.
Daniel,Samuel,English,1563-1619.
D'Annunzio,Gabriele,Italian,1863-1938.
Dante Alighieri,Italian,1265-1321.
Dário,Rubén,Nicaraguan,1867-1916.
Darley,George,Irish,1795-1846.
Darwin,Charles,English,1809-1882.
Darwish,Mahmud,Palestinian (Arabic),1942?-2008.
Daumal,René,French,1908-1944.
Davenport,Guy,American,1927- .
David,Elizabeth,American,1913-1992.
David-Neel,Alexandra,French,1868-1969.
Davidson,John,Scottish,1857-1909.
Davie,Donald,English,1922- .
Davies,Robertson,Canadian,1913-1995.
Davis,Mike,American,1946- .
de Gaulle,Charles,French,1890-1970.
De la Mare,Walter,English,1873-1956.
De Quincey,Thomas,English,1785-1859.
de Ste. Croix,G. E. M.,English,1910-2000.
Debo,Angie,American,1890-1988.
Debord,Guy,French,1931-1994.
Dedekind,Richard,German,1831-1916.
Defoe,Daniel,English,1660-1731.
Deighton,Len,English,1929- .
Delany,Samuel R.,American,1942- .
Deledda,Grazia,Italian,1871-1936. Nobel Laureate
Works.
DeLillo,Don,American,1936- .
Deloria,Vine,Jr.,Native American,1933-2005.
Demosthenes,Greek,ca. 384-322 BCE.
Denby,Edwin,American,1903-1983.
Dennis,Nigel,English,1912-1989.
Derrida,Jacques,French,1930-2004.
Desai,Anita,Indian writing in English,1937- .
Descartes,René,French,1596-1650.
Detienne,Marcel,French,1935- .
Various Authors,Indians writing in Hindi,15th-17th C.
Dewey,John,American,1859-1952.
Sayings of Gautama Buddha,Indian writing in Pali,ca. 300 BCE.
Anonymous,Indian writing in Sanskrit,1st C CE (translated into Chinese ca. 400).
Dick,Philip K.,American,1928-1982.
Dickens,Charles,English,1812-1870.
Dickey,James,American,1923-1997.
Dickinson,Emily,American,1830-1886.
Diderot,Denis,French,1713-1784.
Didion,Joan,American,1934- .
Dillard,Annie,American,1945- .
Dinesen,Isak,Danish writing in English,1885-1962.
Disch,Thomas M.,American,1940- .
Djilas,Milovan,Yugoslavian,1911-1995.
Dobie,J. Frank,American,1888-1964.
Döblin,Alfred,German,1878-1957.
Dobzhansky,Theodosius,Russian-American writing in English,1900-1975.
Doctorow,E. L.,American,1931- .
Dodds,E. R.,English,1893-1979.
Dogen,Japanese,1200-1253.
Donleavy,J. P.,Irish,1926- .
Donne,John,English,1573-1631.
Donoso,José,Chilean,1924- .
Doolittle,Hilda,See H. D
Dos Passos,John,American,1896-1970.
Dostoyevsky,Feodor Mikhailovich,Russian,1821-1881.
Douglas (Brown),George,Scottish,1869-1902.
Douglas,Keith,English,1920-1944.
Douglas,Mary,English,1921- .
Douglas,Norman,English,1868-1952.
Douglas,Stephen,See Lincoln,Abraham and Stephen Douglas
Douglass,Frederick,American,ca. 1817-1895 .
Dove,Rita,American,1952- .
Dower,John,American,1938- .
Dowson,Ernest,English,1867-1900.
Drayton,Michael,English,1563-1631.
Dreiser,Theodore,American,1871-1945.
Drucker,Peter F.,American,1909-2005.
Drummond de Andrade,Carlos,Brazilian,1902-1987.
Dryden,John,English,1631-1700.
Du Bellay,Joachim,French,1522-1560.
Du Bois,W. E. B.,American,1868-1963.
Du Fu (Tu Fu),Chinese,712-770.
Du Maurier,Daphne,English,1907-1989.
Dumas,Alexandre,French,1802-1870.
Dumont,René,French,1904-2001.
Dunbar,William,Scottish,ca. 1456-ca. 1513 .
Duncan,Robert,American,1919-1988.
Durant,Will and Ariel,American,1885-1981 and 1898-1981.
Duras,Marguerite,French,1914-1996.
Durkheim,Emile,French,1858-1917.
Durrell,Lawrence,English,1912-1990.
Dürrenmatt,Friedrich,Swiss writing in German,1921- .
Dworkin,Ronald,American,1931- .
Various Authors,Irish (Celtic),8th C.
Various Authors,German,20th C.
Eberhart,Richard,American,1904-2005.
Eça de Queiróz,José María,Portuguese,1843-1900.
Echegary,José,Spanish,1832-1916. Nobel Laureate
Works.
Eddas,See Poetic Edda,Snorri Sturluson
Eddington,Sir Arthur Stanley,English,1882-1944.
Edel,Leon,American,1907-1997.
Edgeworth,Maria,Irish,1768-1849.
Edwards,G. B.,English,1899-1976.
Egan,Jennifer,American,1962- .
Eich,Günter,Austrian,1907-1972.
Eichendorff,Joseph,Freiherr von,German,1788-1857.
Various Authors,Indians writing in Tamil,1st C BCE-3rd C CE.
Einstein,Albert,German-Swiss-American,1879-1955.
Eisenstein,Sergei,Russian,1898-1948.
Eisler,Riane,Austrian-American writing in English,1931- .
Ekelöf,Gunnar,Swedish,1907-1968.
Elder Edda,See Poetic Edda
Eliade,Mircea,Romanian-French,1907-1986.
Elias,Norbert,German,1897-1990.
Eliot,George,English,1819-1880.
Eliot,T. S.,English,1888-1965. Nobel Laureate
Elkin,Stanley,American,1930-1995.
Ellis,Havelock,English,1859-1939.
Ellison,Ralph,American,1914-1994.
Ellmann,Richard,American,1918-1987.
Elytis,Odysseas,Greek,1911-1996. Nobel Laureate
Emecheta,Buchi,Nigerian writing in English,1944- .
Emerson,Ralph Waldo,American,1803-1882.
Empedocles,See Pre-Socratic Philosophers
Empson,William,English,1906-1984.
Enchi Fumiko,Japanese,1905-1986.
Various authors,Various writing in English,Pub. 1910.
Various Authors,American,First pub. 1959.
Engels,Friedrich,German,1820-1895.
(See also Marx,Karl and Friedrich Engels)
Various Authors,English and Scottish,15th-16th C.
Enzensberger,Hans Magnus,German,1929- .
Epictetus,Greek,ca. 55-135 CE .
Epicurus,Greek,341-270 BCE.
Erasmus,Desiderius,Dutch writing in Latin,ca. 1469-1536 .
Erdrich,Louise,American,1954- .
Erikson,Erik,German-American writing in German,1902-1994.
Espríu,Salvador,Catalan,1913-1985.
Etherege,Sir George,English,ca. 1634-1691.
Eucken,Rudolf,German,1846-1926. Nobel Laureate
Works.
Euclid,Greek,fl. ca. 300 BCE.
Euripides,Greek,484-406 BCE.
Evliya Celebi,Turkish,ca. 1611-ca. 1684.
Ewart,Gavin,English,1916-1995.
Exley,Frederick,American,1929-1992.
Fabre,Jean-Henri,French,1823-1915.
Faiz,Faiz Ahmad,Pakistani writing in Urdu,1911-1984.
Fanon,Frantz,Martinican,1925-1961.
Faraday,Michael,English,1791-1867.
Farquhar,George,Irish,1678-1707.
Farrell,J. G.,English,1935-1979.
Farrell,James T.,American,1904-1979.
Fathy,Hassan,Egyptian (Arabic),1900-1989.
Faulkner,William,American,1897-1962. Nobel Laureate
Faure,Élie,French,1873-1937.
Febvre,Lucien,French,1878-1956.
Feinman,Alvin,American,1929- .
Feldman,Irving,American,1928- .
Various Authors,American,20th C.
Ferreira,Antònio,Portuguese,1528-1569.
Feuerbach,Ludwig,German,1802-1874.
Feynman,Richard,American,1918-1988.
Fielding,Henry,English,1707-1754.
Figes,Orlando,English,1959- .
Firbank,Ronald,English,1886-1926.
Firdausi,Abolqasim Mansur bin Hasan,Persian,ca. 940-1020.
Firestone,Shulamith,American,1945- .
Fisher,M. F. K.,American,1908-1992.
FitzGerald,Edward,English,1809-1883.
Fitzgerald,F. Scott,American,1896-1940.
Fitzgerald,Robert,American,1910-1985.
Various Authors,German,18th-19th C.
Flaubert,Gustave,French,1821-1880.
Fleming,Ian,English,1908-1964.
Fletcher,John,See Francis Beaumont
Fo,Dario,Italian,1926- . Nobel Laureate
Works.
Foix,J. V.,Catalan,1894-1987.
Traditional,Hungarian.
Follain,Jean,French,1903-1971.
Fontane,Theodor,German,1819-1898.
Foote,Shelby,American,1916-2005.
Ford,Ford Madox,English,1873-1939.
Ford,John,English,1586-after 1639.
Ford,Richard,American,1944- .
Forster,E. M.,English,1879-1970.
Foscolo,Ugo,Italian,1778-1827.
Foucault,Michel,French,1926-1984.
Fourier,Jean Baptiste Joseph,French,1768-1830.
Fowler,Henry Watson,English,1858-1933.
Fowles,John,English,1926-2005.
France,Anatole,French,1844-1924. Nobel Laureate
Frank,Anne,Dutch,1929-1945.
Frankl,Victor,Austrian,1905-1997.
Franklin,Miles (Stella),Australian,1879-1954.
Franzen,Jonathan,American,1959- .
Frayn,Michael,English,1933- .
Frazer,Sir James George,Scottish,1854-1941.
Frederic,Harold,American,1856-1898.
Freeman,Douglas Southall,American,1886-1953.
Freire,Paulo,Brazilian,1921-1997.
(See also Freire,Paulo and Myles Horton)
Freire,Paulo and Myles Horton,Brazilian and American writing in English,1921-1997 and 1905-1990.
(See also Freire,Paulo)
Freud,Sigmund,Austrian,1856-1939.
Freyre,Gilberto,Brazilian,1900-1987.
Friedan,Betty,American,1921-2006.
Friedman,Milton,American,1912-2006.
Frisch,Max,Swiss writing in German,1911-1991.
Frisch,Karl von,Austrian,1886-1982.
Frisch,Max,Swiss writing in German,1911-1991.
Froissart,Jean,French,ca. 1337-ca. 1410.
Fromm,Erich,German-American writing in German,1900-1980.
Frost,Robert,American,1874-1963.
Fry,Roger,English,1866-1934.
Frye,Northrop,Canadian,1912-1991.
Fuentes,Carlos,Mexican,1928-2012.
Fugard,Athol,South African,1932- .
Fukuyama,Francis,American,1952- .
Fuller,R. Buckminster,American,1895-1983.
Fuller,Roy,English,1912-1991.
Fussell,Paul,American,1924- .
Fuzuli,Mehmet bin Süleyman,Turkish,ca. 1490-ca. 1556.
Gaddis,William,American,1922-1998.
Galbraith,John Kenneth,Canadian-American,1908-2006.
Galdikas,Biruté M. F.,Canadian,1946- .
Galeano,Eduardo,Uruguayan,1940- .
Galen,Greek,ca. 130-200.
Galileo Galilei,Italian,1574-1642.
Galsworthy,John,English,1867-1933. Nobel Laureate
Works.
Galsworthy,John,English,1867-1933.
Galt,John,Scottish,1779-1839.
Gandhi,Mohandas Karamchand,Indian,1869-1948.
Gao Xingjian,Chinese-French writing in Chinese and French,1940- . Nobel Laureate
Works.
García Lorca,Federico,Spanish,1898-1936.
García Márquez,Gabriel,Colombian,1928-2014. Nobel Laureate
Gardner,John,American,1933-1982.
Garnier,Robert,French,1544-1590.
Garrigue,Jean,American,1914-1972.
Gaskell,Elizabeth,English,1810-1865.
Gass,William H.,American,1924- .
Gaunilo,French writing in Latin,11th C.
Gautier,Théophile,French,1811-1872.
Gay,John,English,1685-1732.
Gay,Peter,American,1923- .
Gay-Lussac,Joseph Louis,French,1778-1850.
Geertz,Clifford,American,1923- .
Geisel,Theodor Seuss,See Seuss,Dr
Gellhorn,Martha,American,1908-1998.
Gellner,Ernest,English,1925-1995.
Genet,Jean,French,1910-1986.
Genovese,Eugene D.,American,1930- .
Various Authors,Christians writing in Greek,1st-2nd C.
Georgakas,Dan,American,1938- .
George,Stefan,German,1868-1933.
Gerschenkron,Alexander,Russian-American writing in English,1904-1978.
Ghalib,Indian writing in Urdu,1797-1869.
Various Authors,Indians and Pakistanis writing in Urdu,16th C-present.
Ghazzali,Abu Hamid Muhammad al-,Arab,1059-1111.
Gibbon,Edward,English,1737-1794.
Gibran,Khalil,Lebanese,1883-1931.
Gibson,William,Canadian,1948- .
Gide,Andre,French,1869-1951. Nobel Laureate
Giedion,Siegfried,Swiss writing in German,1888-1968.
Gilbert,W. S.,English,1836-1911.
Gilbert,William,English,1540-1603.
Gilder,George,American,1939- .
Anonymous,Mesopotamian,ca. 2000 BCE.
Gilman,Charlotte Perkins,American,1860-1935.
Gimferrer,Pere,Catalan,1945- .
Ginsberg,Allen,American,1926-1997.
Ginzburg,Natalia,Italian,1916-1991.
Giono,Jean,French,1895-1970.
Giraudoux,Jean,French,1882-1944.
Gissing,George,English,1857-1903.
Gjellerup,Karl,Danish,1857-1919. Nobel Laureate
Works.
Gladwell,Malcolm,Canadian,1963- .
Glasgow,Ellen,American,1874-1945.
Glatstein,Jacob,Polish-American writing in Yiddish,1896-1971.
Gleick,James,American,1954- .
Glob,P. V.,Danish,1911-1985.
Anonymous,American,fl. 1971.
Various Authors,Various,20th C.
Godwin,William,English,1756-1836.
Goethe,Johann Wolfgang von,German,1749-1832.
Goffman,Erving,Canadian,1922-1982.
Gogh,Vincent van,Dutch,1853-1890.
Gogol,Nikolai Vasilievich,Russian,1809-1852.
Golden Lotus,See Jinpingmei
Golding,William,English,1911-1993. Nobel Laureate
Goldman,Francisco,American,1954- .
Goldoni,Carlo,Italian,1707-1793.
Goldsmith,Oliver,Irish-English,1729-1774.
Gombrich,E. H.,American,1909-2001.
Gombrowicz,Witold,Polish,1904-1969.
Gómez de la Serna,Ramón,Spanish,1888-1963.
Goncharov,Ivan Alexandrovich,Russian,1812-1891.
Goncourt,Edmond de and Jules de,French,1822-1896 and 1830-1870.
Góngora,Luis de,Spanish,1561-1627.
Goodall,Jane,English,1934- .
Goodman,Paul,American,1911-1972.
Gordimer,Nadine,South African,1923-2014. Nobel Laureate
Gorky,Maksim,Russian,1868-1936.
Gorz,André,French,1924- .
Gottfried von Strassburg,German,fl. 1210.
Gotthelf,Jeremias,German,1797-1854.
Gould,Stephen Jay,American,1941-2002.
Gowing,Lawrence,English,1918-1991.
Goytisolo,Juan de,Spanish,1931- .
Grade,Chaim,Lithuanian-American writing in Yiddish,1910-1982.
Grahame,Kenneth,English,1859-1932.
Gramsci,Antonio,Italian,1891-1937.
Grass,Günter,German,1927-2015. Nobel Laureate
Graves,Robert,English,1895-1985.
Gray,Alasdair,Scottish,1934- .
Gray,John,American,1951- .
Gray,Thomas,English,1716-1771.
Various Authors,Indians writing in Sanskrit,5th C BCE-8th C CE.
Various Authors,Greek,7th C BCE-10th C CE.
Green,Henry,English,1905-1973.
Green,John Richard,English,1837-1883.
Greenberg,Clement,American,1909-1994.
Greene,Graham,English,1904-1991.
Greville,Fulke,Lord Brooke,English,1554-1628.
Grey,Zane,American,1875-1939.
Griffin,Frank Loxley,American,1881-1969.
Griffin,Susan,American,1943- .
Grimm,Jacob and Wilhelm,German,1785-1863 and 1786-1859.
Grimmelshausen,Johann Jakob Christoffel von,German,ca. 1625-1676.
Grossman,Allen,American,1932- .
Grossman,David,Israeli,1954- .
Grote,George,English,1794-1871.
Guevara,Ernesto "Che",Argentinian,1928-1967.
Guicciardini,Francesco,Italian,1483-1540.
Guilbaut,Serge,French,1943- .
Guillaume de Lorris and Jean de Meun,French,ca. 1212-ca. 1237 and ca. 1237-ca. 1305.
Guillén,Jorge,Spanish,1893-1984.
Guillén,Nicolás,Cuban,1902-1989.
Gurdjieff,George Ivanovitch,Armenian,1866-1949.
Gustafsson,Lars,Swedish,1936- .
Gustin,Molly,American,1923- .
Gutierrez,Gustavo,Peruvian,1928- .
H. D. (Hilda Doolittle),American,1886-1961.
Habermas,Jürgen,German,1929- .
Hacking,Ian,Canadian,1936- .
Various Authors,Arab,9th C.
Hafiz,Mohammed Shamsuddin,Persian,1327-1390.
Hakuin,Japanese,1689-1769.
Ha-Levi,Judah,Jew in Islamic Spain writing in Hebrew,ca. 1075-after 1140.
Halévy,Élie,French,1870-1937.
Haley,Alex,American,1921-1992.
(See also X,Malcolm)
Hall,Donald,American,1928- .
Hall,Radclyffe,English,1880-1943.
Halldór Laxness,Icelandic,1902-1998. Nobel Laureate
Halpern,Moshe-Leib,Polish-American writing in Yiddish,1886-1932.
Hamadhani,See Badi' al-Zaman al-Hamadhani
Hamilton,Alice,American,1869-1970.
Hamilton,Alexander,James Madison,and John Jay,American,1757-1804; 1745-1829; 1751-1836.
Hammett,Dashiell,American,1894-1961.
Hamsun,Knut,Norwegian,1859-1952. Nobel Laureate
Han Fei Zi (Han Fei Tzu),Chinese,ca. 280-233 BCE.
Handke,Peter,Austrian,1942- .
Handy,E. S. Craighill and Elizabeth Green Handy,American,c.1893-1980 and 1921-.
Hanley,Gerald,Irish,1916-1992.
Hardy,G. H.,English,1877-1947.
Hardy,Thomas,English,1840-1928.
Hariri,Abu Muhammad al-Qasim al-,Arab,1054-1122.
Harrer,Heinrich,Austrian,1912-2006.
Harris,Thomas,American,1940- .
Harris,Wilson,Guayanese,1921- .
Harrison,Jane E.,English,1850-1928.
Hart,Kevin,Australian,1954- .
Hart,H. L. A.,English,1907-1992.
Hartley,L. P.,English,1895-1972.
Harvey,William,English writing in Latin,1578-1657.
Hasek,Jaroslav,Czech,1883-1926.
Hauptmann,Gerhart,German,1862-1946. Nobel Laureate
Hauser,Arnold,German,1892-1978.
Havel,Vaclav,Czech,1936- .
Hawken,Paul,American,1946- .
Hawkes,John,American,1925- .
Hawking,Stephen,English,1942- .
Hawthorne,Nathaniel,American,1804-1864.
Hayden,Robert,American,1913-1980.
Hayek,Friedrich von,Austrian,1899-1992.
Hazlitt,William,English,1778-1830.
Hazzard,Shirley,Australian,1931- .
Heaney,Seamus,Irish,1939-2013. Nobel Laureate
Anonymous,Indian writing in Sanskrit,1st C CE? (translated into Chinese ca. 400).
Hébert,Anne,Canadian writing in French,1916-2000.
Hecht,Anthony,American,1923- .
Hedayat,Sadeq,Iranian,1903-1951.
Hegel,Georg Wilhelm Friedrich,German,1770-1831.
Heidegger,Martin,German,1889-1976.
Heidenstam,Verner von,Swedish,1859-1940. Nobel Laureate
Works.
Various Authors,Japanese,ca. 1185-1371.
Heilbut,Anthony,American,1938?.
Heine,Heinrich,German,1797-1856.
Heinlein,Robert,American,1907-1988.
Heisenberg,Werner,German,1901-1976.
Various Authors,Chinese,ca. 1000.
Heller,Joseph,American,1923-1999.
Hellman,Lillian,American,1906-1984.
Hemingway,Ernest,American,1899-1962. Nobel Laureate
Heraclitus,See Pre-Socratic Philosophers
Herbert,George,English,1593-1633.
Herbert,Zbigniew,Polish,1924- .
Hernández,Miguel,Spanish,1910-1942.
Herodotus,Greek,ca. 484-425 BCE.
Herr,Michael,American,1940- .
Herrick,Robert,English,1591-1674.
Hersey,John,American,1914-1993.
Hersh,Seymour,American,1937- .
Herter,George Leonard,American,1911-1994.
Herzen,Aleksandr,Russian,1812-1870.
Herzl,Theodor,Austrian,1860-1904.
Hesiod,Greek,8th C BCE.
Hesse,Hermann,German-Swiss,1877-1962. Nobel Laureate
Heyerdahl,Thor,Norwegian,1914-2002.
Heyse,Paul von,German,1830-1914. Nobel Laureate
Works.
Various authors,Japanese,Pub. 1986.
Highsmith,Patricia,American,1921-1995.
Hikmet,Nazim,Turkish,1902-1963.
Hildegard of Bingen,German writing in Latin,1098-1179.
Hill,Christopher,English,1912-2003.
Hill,Geoffrey,English,1932- .
Hillman,James,American,1926- .
Hilton,James,English,1900-1954.
Himes,Chester,American,1909-1984.
Hine,Daryl,Canadian,1936- .
Hinton,William,American,1919-2004.
Hippocrates,Greek,ca. 460-ca. 377 BCE.
Hirsch,Edward,American,1950- .
Hirschman,Albert,American,1915- .
Hitler,Adolf,German,1889-1945.
Ho Chi Minh,Vietnamese,1890-1969.
Hoban,Russell,American,1925- .
Hobbes,Thomas,English,1588-1679.
Hoelldobler,Bert and Edward O. Wilson,German and American,1936- and 1929-.
(See also Wilson,Edward O)
Hoffmann,E. T. A.,German,1776-1822.
Hofmannsthal,Hugo von,Austrian,1874-1929.
Hofstadter,Richard,American,1916-1970.
Hogan,Linda,American,1947- .
Hogg,James,Scottish,1770-1835.
Hölderlin,Friedrich,German,1770-1843.
Hollander,John,American,1929- .
Holub,Miroslav,Czech,1923- .
Homer,Greek,ca. 800 BCE.
Anonymous,Greek,ca. 700 BCE.
Hong Sheng (Hung Sheng),Chinese,1646-1704.
Hood,Thomas,English,1799-1845.
hooks,bell,American,1952- .
Hope,A. D.,Australian,1907-2000.
Hopkins,Gerald Manley,English,1844-1889.
Horace,Roman,65-8 BCE.
Horkheimer,Max,and Theodor Adorno,German-American writing in German,1895-1973 and 1903-1969.
Horton,Myles,American,1905-1990.
Housman,A. E.,English,1859-1936.
Howard,Richard,American,1929- .
Howells,William Dean,American,1837-1920.
Hsun Tzu,See Xunzi
Hughes,Langston,American,1902-1967.
Hughes,Richard,English,1900-1976.
Hughes,Ted,English,1930-1998.
Hugo,Victor,French,1802-1885.
Huineng,Chinese,638-713.
Huizinga,Johan,Dutch,1872-1945.
Humboldt,Alexander von,German,1769-1859.
Hume,David,Scottish,1711-1776.
Various Authors,Hungarian,19th-20th C.
Hurston,Zora Neale,American,1891?-1960.
Husayn,Taha,Egyptian (Arabic),1889-1973.
Husserl,Edmund,German,1859-1938.
Huxley,Aldous,English,1894-1963.
Huygens,Christiaan,Dutch writing in French,1629-1695.
Anonymous,Chinese,12th C BCE?.
Ibn Batuta,Muhammad bin 'Abdullah,Arab,1304-1369.
Ibn Hazm,'Ali Ahmad,Arab in Islamic Spain,994-1064.
Ibn Khaldun,'Abd Ar-Rahman bin Muhammad,Arab,1332-1406.
Ibsen,Henrik,Norwegian,1828-1906.
Ilango Adigal,Indian writing in Tamil,2nd C CE.
Illich,Ivan,Austrian-American writing in English,1926-2002.
Inca and others,Peru,Pre-Columbian,12th-15th C.
Various Authors,Indian.
Various Authors,Indian.
Innis,Harold A.,Canadian,1894-1952.
Ionesco,Eugène,Romanian-French,1912-1994.
Irigaray,Luce,French,1930- .
Irving,John,American,1942- .
Irving,Washington,American,1783-1859.
Isherwood,Christopher,English,1904-1986.
Ishiguro,Kazuo,English,1954- .
Isvarakrsna,Indian writing in Sanskrit,4th C.
Itoh,Teiji,Japanese,1922- .
Jabès,Edmond,French,1912-1991.
Jacob,Max,French,1876-1944.
Jacobs,Jane,American,1916-2006.
Jacobus de Varagine,Italian writing in Latin,ca. 1227-1298.
Jacottet,Philippe,French,1925- .
Jahiz,al-,Arab,ca. 780-ca. 868.
James,C. L. R.,Trinidadian,1901-1989.
James,Henry,American,1843-1916.
James,William,American,1842-1910.
Jami,Nur ad-Din 'Abd Ar-Rahman,Afghan writing in Persian,1414-1492.
Various Artists,Japanese.
Various Authors,Japanese,12th-13th C.
Various Authors,Japanese,9th-11th C.
Jarrell,Randall,American,1914-1965.
Jarry,Alfred,French,1873-1907.
Jaspers,Karl,German,1883-1969.
Jayadeva,Indian writing in Sanskrit,12th C.
Jaynes,Julian,American,1923- .
Jeffers,Robinson,American,1887-1962.
Jefferson,Thomas,and others,American,18th C and following.
Jekyll,Gertrude,English,1843-1932.
Jelinek,Elfriede,Austrian,1946- . Nobel Laureate
Works.
Jennings,Elizabeth,English,1926- .
Jensen,Johannes V.,Danish,1873-1950. Nobel Laureate
Works.
Jewett,Sarah Orne,American,1849-1909.
Jhabvala,Ruth Prawer,Indian writing in English,1927- .
Jiménez,Juan Ramón,Spanish,1881-1958. Nobel Laureate
Anonymous,Chinese,1618.
John Damascene,St.,Syrian Greek,ca. 675-ca. 749.
John of the Cross,St. (Juan de la Cruz),Spanish,1542-1591.
John Paul II (Pope),Latin,1920-2005.
John XXIII (Pope),Italian writing in Latin,1881-1963.
(See also Vatican II)
Johnson,Denis,American,1949- .
Johnson,Eyvind,Swedish,1900-1976. Nobel Laureate
Works.
Johnson,Lionel,English,1867-1902.
Johnson,Pamela Hansford,English,1912-1981.
Johnson,Paul,English,1928- .
Johnson,Samuel,English,1709-1784.
Johnson,Virginia E.,See Masters,William H
Jonas,Hans,German-American writing in German,1903-1993.
Jones,David,Welsh,1895-1974.
Jones,Ernest,Welsh,1879-1958.
Jones,James,American,1921-1977.
Jones,LeRoi (Amiri Baraka),American,1934-2014.
Jong,Erica,American,1942- .
Jonson,Ben,English,1573-1637.
Jouve,Pierre-Jean,French,1887-1976.
Joyce,James,Irish,1882-1941.
József,Attila,Hungarian,1905-1937.
Juana Ines de la Cruz,Sister,Mexican,ca. 1651-1695.
Juhasz,Ferenc,Hungarian,1928- .
Julius Caesar,Roman,102-44 BCE.
Jung,Carl Gustav,Swiss writing in German,1875-1961.
Justice,Donald,American,1925- .
Juvenal,Roman,ca. 60-ca. 140 CE.
Various Authors,Jews in Provence,Spain,and Palestine writing in Hebrew and Aramaic,12th-16th C.
Kabir,Indian writing in Hindi,ca. 1430-ca. 1518 .
Kael,Pauline,American,1919-2001.
Kafka,Franz,Czech writing in German,1883-1924.
Kalevala,See Lönnrot
Kalidasa,Indian writing in Sanskrit,ca. 400 .
Kamakau,Samuel Manaiakalani,Hawaiian,1815-1876.
Kamo Chomei,Japanese,1153-1216.
Kanada,Indian writing in Sanskrit,2nd C BCE.
Kaniuk,Yoram,Israeli,1930- .
Kant,Immanuel,German,1724-1804.
Kanze Kojiro Nobumitsu,Japanese,1435-1516.
Kapuscinski,Ryszard,Polish,1932- .
Karlfeldt,Erik Axel,Swedish,1864-1931. Nobel Laureate
Works.
Karp,Walter,American,1934-1989.
Kautilya,Indian writing in Sanskrit,ca. late 4th C.
Kawabata Yasunari,Japanese,1899-1972. Nobel Laureate
Kazantzakis,Nikos,Greek,1883-1957.
Keats,Ezra Jack,American,1916-1983.
Keats,John,English,1795-1821.
Keble,John,English,1792-1866.
Keegan,John,English,1934- .
Kees,Weldon,American,1914-1955?.
Keillor,Garrison,American,1942- .
Keller,Gottfried,Swiss writing in German,1819-1890.
Keller,Helen,American,1880-1968.
Keneally,Thomas,Australian,1935- .
Kenko Yoshida,Japanese,1283-1350.
Kennedy,John F.,American,1917-1963.
Kennedy,Paul,English,1945- .
Kennedy,William,American,1928- .
Kepler,Johannes,German writing in Latin,1571-1630.
Kermode,Frank,English,1919-2010.
Kerouac,Jack,American,1922-1969.
Kertész,Imre,Hungarian,1929- . Nobel Laureate
Works.
Kesey,Ken,American,1935-2001.
Keynes,Maynard,English,1883-1946.
Khayyam,Omar,See Omar Khayyam
Khlebnikov,Velimir,Russian,1885-1922.
Khushhal,Khan Khatak,Afghan writing in Pashto,1613-1689.
Kierkegaard,Søren,Danish,1813-1855.
Kincaid,Jamaica,American,1949- .
King,Martin Luther,Jr.,American,1929-1968.
King,Stephen,American,1947- .
Kingsley,Charles,English,1819-1875.
Kingston,Maxine Hong,American,1940- .
Kinnell,Galway,American,1927- .
Kinsella,Thomas,Irish,1928- .
Kinsey,Alfred C.,American,1894-1956.
Kipling,Rudyard,Anglo-Indian,1865-1936. Nobel Laureate
Kirk,Russell,American,1918-1994.
Kis,Danilo,Serbian,1935-1989.
Klee,Paul,Swiss writing in German,1879-1940.
Klein,Naomi,Canadian,1970- .
Kleist,Heinrich von,German,1777-1811.
Klossowski,Pierre,French,1905-2001.
Knight,George Wilson,English,1897-1985.
Knowles,John,American,1926-2001.
Koch,Kenneth,American,1925- .
Koestler,Arthur,English,1905-1983.
Kofsky,Frank,American,1935-1997.
Various Authors,Japanese,8th-10th C.
Kolakowski,Leszek,Polish,1927- .
Koninck,Charles de,Canadian,1906-1965.
Kopkind,Andrew,American,1935-1994.
Koran,See Qur'an
Kosinski,Jerzy,American,1933-1991.
Kotlowitz,Alex,American,1955- .
Kott,Jan,Polish,1914-2001.
Krafft-Ebing,Richard von,German,1840-1902.
Krauss,Karl,Austrian,1874-1936.
Krol,Ed,American,1937?- .
Kropotkin,Peter,Russian,1842-1921.
Kübler-Ross,Elisabeth,Swiss-American writing in English,1926-2004.
Kuhn,Thomas,American,1922-1996.
Kukai,Japanese,774-835.
Kundera,Milan,Czech,1929- .
Küng,Hans,Swiss writing in German,1928- .
Kunze,Reiner,East German,1933- .
Kuprin,Alexander Ivanovich,Russian,1870-1938.
Various Authors,Indians writing in Tamil,1st-3rd C CE.
Kushner,Tony,American,1956- .
Kuzmin,Mikhail,Russian,1872-1936.
Kyd,Thomas,English,1558-1594.
La Barre,Weston,American,1911-1996.
La Fayette,Madame de,French,1634-1693.
La Fontaine,Jean de,French,1621-1695.
La Place,Viana,American,1951- .
La Rochefoucauld,François,duc de,French,1613-1680.
Laclos,Pierre Choderlos de,French,1741-1803.
Laforgue,Jules,French,1860-1887.
Lagerkvist,Pär,Swedish,1891-1974. Nobel Laureate
Lagerlöf,Selma,Swedish,1858-1940. Nobel Laureate
Works.
Laing,R. D.,Scottish,1927-1989.
Lamartine,Alphonse de,French,1790-1869.
Lamb,Charles,English,1775-1834.
Lame Deer (John Fire),Native American,1903?-1976.
Lamott,Anne,American,1954- .
Lampedusa,Giuseppe Tomasi,prince of,Italian,1896-1957.
Landolfi,Tommaso,Italian,1908-1979.
Landor,Walter Savage,English,1775-1864.
Lanier,Sidney,American,1842-1881.
Various Authors,Indians writing in Sanskrit,5th C (Chinese translation).
Lao She,Chinese,1899-1966.
Lao-tzu (Laozi),Chinese,ca. 604-ca. 531 BCE.
Larkin,Philip,English,1922-1985.
Lasch,Christopher,American,1932-1994.
Various Authors,American.
Lavoisier,Antoine Laurent,French,1743-1794.
Lawrence,D. H.,English,1885-1930.
Lawrence,T. E.,English,1888-1935.
Anonymous,Icelandic,fl. 1245.
Laxness,Halldór,See Halldór Laxness
Anonymous,Spanish,1554.
Le Carre,John,English,1931- .
Le Clèzio,Jean-Marie Gustave,French,1940- . Nobel Laureate
Works.
Le Corbusier,French,1887-1965.
Le Roy Ladurie,Emmanuel,French,1929- .
Le Sueur,Meridel,American,1900-1996.
Leach,Bernard,English,1887-1979.
Lear,Edward,English,1812-1888.
Leary,Timothy,American,1920-1996.
Leavis,F. R.,English,1895-1978.
Leavitt,Helen,American,1932- .
Leblanc,Adrian Nicole,American,1964- .
Lee,Harper,American,1926-2016.
Lee,Chang-rae,American,1965- .
Lee,Li-Young,American,1957- .
Lefebvre,Georges,French,1874-1959.
Lefebvre,Henri,French,1901-1991.
Anonymous,Hawaiian,First pub. 1891.
LeGuin,Ursula K.,American,1929- .
Lehman,Godfrey,American,1925?-.
Leib,Mani,Ukrainian-American writing in Yiddish,1883-1953.
Leibniz,Gottfried Wilhelm von,German,1646-1716.
Leino,Eino,Finnish,German,1878-1926.
Leiris,Michel,French,1901-1990.
Leivick,H. (Leivick Halpern),Russian-American writing in Yiddish,1888-1962.
Lem,Stanislaw,Polish,1921- .
L'Engle,Madeleine,American,1918-2007.
Lenin,Vladimir Ilyich,Russian,1870-1924.
Lennox,Charlotte,English,1729?-1804.
Leo XIII (Pope),Italian writing in Latin,1810-1903.
Leon,Fray Luis de,Spanish,ca. 1528-1591 .
Leonard,Elmore,American,1925- .
Leonardo da Vinci,Italian,1452-1519.
Leopardi,Giacomo,Italian,1798-1837.
Leopold,Aldo,American,1913-1983.
Lermontov,Mikhail,Russian,1814-1841.
Leskov,Nikolai Semyonovich,Russian,1831-1895.
Lessing,Doris,English (childhood in Rhodesia),1919-2013. Nobel Laureate
Lessing,Gotthold,German,1729-1781.
Letham,Jonathan,American,1964- .
Levi,Carlo,Italian,1902-1975.
Levi,Primo,Italian,1919-1987.
Levine,Philip,American,1928-2015.
Lévi-Strauss,Claude,French,1908-2009.
Lewes,George Henry,English,1817-1878.
Lewis,C. S.,English,1898-1963.
Lewis,Sinclair,American,1885-1951. Nobel Laureate
Lezama Lima,José,Cuban,1912-1976.
Li Bai (Li Po),Chinese,701-762.
Li He (Li Ho),Chinese,791-817.
Li Yu,Chinese,1125-1210.
Liebling,A. J.,American,1904-1963.
Various Authors,Byelorussian,19th-20th C.
Lin Yutang,Chinese,1895-1976.
Lincoln,Abraham,American,1809-1865.
(See also Lincoln,Abraham and Stephen Douglas)
Lincoln,Abraham and Stephen Douglas,American,1809-1865 and 1813-1861.
(See also Lincoln,Abraham)
Lindgren,Astrid,Swedish,1907-2002.
Lindsay,David,English,1876-1945.
Lindsay,Vachel,American,1879-1931.
Linebaugh,Peter,American,1942- .
Linji Yixuan,Chinese,d. 867.
Linnaeus,Carolus,Swedish writing in Latin,1707-1778.
Lippmann,Walter,American,1889-1974.
Lispector,Clarice,Brazilian,1925-1977.
Lissitzky,El,Russian writing in German,1890-1941.
Various Authors,Japanese,1868-1912.
Liu E,Chinese,1857-1909.
Livy,Roman,59 BCE-17 CE .
Lobachevsky,Nikolai Ivanovich,Russian,1792-1856.
Locke,John,English,1632-1688.
Lodge,David,English,1935- .
London,Jack,American,1876-1916.
Lonergan,Bernard,Canadian,1904-1984.
Longfellow,Henry Wadsworth,American,1807-1882.
Longinus,Greek,1st C CE.
Lönnrot,Elias,Finnish,1802-1884.
Loos,Adolf,Austrian,1870-1933.
Lord,Albert Bates,American,1912-1991.
Lorenz,Konrad,Austrian,1903-1989.
Anonymous,Indian writing in Sanskrit,ca. 255.
Lovelace,Richard,English,1618-1657.
Lowell,Robert,American,1917-1977.
Lowry,Malcolm,English,1909-1957.
Lu Xun (Lu Hsün),Chinese,1881-1936.
Lucan,Roman,39-65 CE.
Lucian,Syrian Greek,ca. 115-ca. 180 .
Lucretius,Roman,ca. 100-ca. 50 BCE.
Luis de León,Fray,Spanish,ca. 1528-1591.
Lukács,Georg,Hungarian writing in German,1885-1971.
Lumumba,Patrice,Congolese,1925-1961.
Luo Guanzhong (Luo Kuan-chung),Chinese,ca. 1330-1400.
Lustig,Arnost,Czech,1926- .
Luther,Martin,German,1483-1546.
Luxemburg,Rosa,German,1870-1919.
Lyell,Charles,English,1797-1875.
Lynton,Norbert,English,1927- .
Lysohorsky,Ondra,Czech writing in Lachian,1905-1989.
Various Authors,Welsh (Celtic),14th C.
Macaulay,Thomas Babington,English,1800-1859.
MacDiarmid,Hugh,Scottish,1892-1978.
Macdonald,George,Scottish,1824-1905.
Machado,Antonio,Spanish,1875-1939.
Machiavelli,Niccolò,Italian,1469-1527.
MacInnes,Colin,English,1914-1976.
Mack,David,American,1972- .
Mackey,Nathaniel,American,1947- .
MacKinnon,Catharine,American,1946- .
MacLachlan,Patricia,American,1938- .
MacLean,Norman,American,1902-1990.
MacLean,Fitzroy,Scottish,1911-1996.
MacNeice,Louis,English,1907-1963.
Macpherson,Jay,Canadian,1931- .
Madison,James,See Hamilton,Alexander
Maeterlinck,Maurice,Belgian,1862-1949. Nobel Laureate
Mahabharata,See Vyasa
Various Authors,Indians writing in Pali,480 BCEff.
Various Authors,Indians writing in Pali,4th C BCE?.
Mahfuz,Najib (Mahfouz,Naguib),Egyptian (Arabic),1911?-2006. Nobel Laureate
Mahler-Werfel,Alma,Austrian,1879-1964.
Mailer,Norman,American,1923-2007.
Maimonides,Jew in Islamic Spain and Egypt writing in Arabic and Hebrew,1135-1204.
Malamud,Bernard,American,1914-1986.
Malcolm X,See X,Malcolm
Malcolm,Janet,American,1935?- .
Mallarmé,Stéphane,French,1842-1898.
Malone,Dumas,American,1892-1986.
Malory,Thomas,English,d. 1471.
Malouf,David,Australian,1934- .
Malraux,André,French,1901-1975.
Malthus,Thomas,English,1766-1834.
Mamet,David,American,1947- .
Manchester,William,American,1922-2004.
Mandelshtam,Osip Emilievich,Russian,1891-1938.
Mann,Thomas,German,1875-1955. Nobel Laureate
Manning,Olivia,English,1915-1980.
Manrique,Jorge,Spanish,ca. 1440-ca. 1479.
Mansfield,Katherine,New Zealander,1888-1923.
Manu,Indian writing in Sanskrit,2nd Millennium BCE? .
Various Authors,Japanese,7th-8th C.
Manzoni,Alessandro,Italian,1785-1873.
Mao Zedong (Mao Tse-tung),Chinese,1893-1976.
Marcos,Subcomandante,Mexican,1957- .
Marcus Aurelius,Roman writing in Greek,121-180.
Marcuse,Herbert,German-American writing in English,1898-1979.
Marek,George R.,Austrian,1902-1987.
Marguerite de Navarre,French,1492-1549.
Margulis,Lynn and Dorion Sagan,American,1938- and 1959-.
Maritain,Jacques,French,1882-1973.
Marivaux,Pierre Carlet de Chamblin de,French,1688-1763.
Markham,Beryl,English,1902-1986.
Marlowe,Christopher,English,1564-1593.
Marquand,John P.,American,1893-1960.
Marsh,Dave,American,1950- .
Marston,John,English,ca. 1575-1634.
Martial,Roman,ca. 42-ca. 102 CE.
Martin of Dacia (a.k.a. Martin of Denmark),Danish writing in Latin,d. 1304.
Martin Du Gard,Roger,French,1881-1958. Nobel Laureate
Works.
Martinson,Harry,Swedish,1904-1978. Nobel Laureate
Works.
Marvell,Andrew,English,1621-1678.
Marx,Karl,German,1818-1883.
(See also Marx,Karl and Friedrich Engels)
Marx,Karl and Friedrich Engels,German,1818-1883 and 1820-1895.
(See also Marx,Karl and Friedrich Engels)
Marx,Leo,American,1919- .
Maslow,Abraham,American,1908-1970.
Massinger,Philip,English,1583-1640.
Masters,Edgar Lee,American,1868-1950.
Masters,William H. and Virginia E. Johnson,American,1915-2001 and 1925-.
Matthiessen,Peter,American,1927-2014.
Maturin,Charles,Irish,1782-1824.
Maugham,W. Somerset,English,1874-1939.
Maupassant,Guy de,French,1850-1893.
Mauriac,François,French,1885-1970. Nobel Laureate
Mauss,Marcel,French,1872-1950.
Maxwell,James Clerk,Scottish,1831-1879.
May,Rollo,American,1909-1994.
Maya,Maya (Mexico and Central America),4th-15th C.
Mayakovsky,Vladimir Vladimirovich,Russian,1893-1930.
Mayer,Edwin Justus,American,1896-1960.
McCarthy,Cormac,American,1933- .
McCarthy,Mary,American,1912-1989.
McClatchy,J. D.,American,1945- .
McCloud,Scott,American,1960- .
McCourt,James,American,1941- .
McCoy,Alfred,American,1945- .
McCullers,Carson,American,1917-1967.
McCullough,David,American,1933- .
McEwan,Ian,English,1948- .
McGinniss,Joe,American,1942- .
McNeill,William H.,American,1917- .
McPherson,James M.,American,1936- .
McWilliams,Carey,American,1905-1980.
Mead,Margaret,American,1901-1978.
Meaker,Marijane,American,1927- .
Medawar,Peter B.,English,1915-1987.
Various Authors writing in Latin,Latin,6th-13th C.
Various Authors,Various Nations,Various,3rd-15th C.
Mello Breyner,Sophia de,Portuguese,1919-2004.
Melville,Herman,American,1819-1891.
Menander,Greek,343-292 BCE.
Menchu,Rigoberta,Guatemalan,1959- .
Mencius (Mengzi),Chinese,ca. 400-320 BCE.
Mencken,H. L.,American,1880-1956.
Mendel,Gregor,Austrian,1822-1884.
Mendele Mokher Seforim,Russian writing in Yiddish,1835-1917.
Meredith,George,English,1828-1909.
Merleau-Ponty,Maurice,French,1908-1961.
Merrill,James,American,1926-1995.
Merton,Thomas,American,1915-1968.
Merwin,W. S.,American,1927- .
Metalious,Grace,American,1924-1964.
Michaux,Henri,French,1899-1984.
Michelangelo Buonarroti,Italian,1475-1564.
Michitsuna no Haha,Japanese,ca. 935-995.
Mickiewicz,Adam Bernard,Polish,1798-1855.
Middleton,Thomas and William Rowley,English,1580-1627 and ca. 1585-1626.
Milarepa,Tibetan,1052-1135.
Anonymous,Indian writing in Pali,2nd-1st C BCE.
Mill,John Stuart,English,1806-1873.
Millay,Edna St. Vincent,American,1892-1950.
Miller,Alice,Swiss writing in German,1923- .
Miller,Arthur,American,1915-2005.
Miller,Henry,American,1891-1980.
Millikan,Robert,American,1868-1953.
Mills,C. Wright,American,1916-1962.
Milne,A. A.,English,1882-1956.
Milosz,Czeslaw,Polish,1911-2004. Nobel Laureate
Milton,John,English,1608-1674.
Mirsky,D. S.,Prince,Russian,1890-1939.
Mises,Ludwig von,Austrian,1881-1973.
Mishima Yukio,Japanese,1925-1970.
Mistral,Frédéric,French,1830-1914. Nobel Laureate
Works.
Mistral,Gabriela,Chilean,1889-1957. Nobel Laureate
Works.
Mistry,Rohinton,Indo-Canadian,1952- .
Mitchell,Joseph,American,1908-1996.
Mitchell,Margaret,American,1900-1949.
Mitford,Nancy,English,1904-1973.
Miyamoto Musashi,Japanese,1584-1645.
Miyazawa,Kenji,Japanese,1896-1933.
Mo Yan,Chinese,1955- . Nobel Laureate
Works
Various Authors writing in Arabic,Arab,20th C.
Various Authors,Czech,20th C.
Various Authors,Hungarian,20th C.
Various Authors,Spanish,20th C.
Modiano,Patrick,French,1945- . Nobel Laureate
Works
Molière,French,1622-1673.
Molina,Tirso de,Spanish,1583-1648.
Momaday,N. Scott,American,1934- .
Mommsen,Theodor,German,1817-1903. Nobel Laureate
Works.
Montague,John,Irish,1929- .
Montaigne,Michel Eyquem de,French,1533-1592.
Montale,Eugenio,Italian,1896-1971. Nobel Laureate
Montesquieu,Charles-Louis de Secondat,Baron de,French,1689-1755.
Montessori,Maria,Italian,1870-1952.
Moore,Alan,English,1953- .
Moore,Brian,Canadian,1921-1999.
Moore,G. E.,English,1873-1958.
Moore,Marianne,American,1887-1972.
Moore,Terry,American,1954- .
Morante,Elsa,Italian,1918-1985.
Moravia,Alberto,Italian,1907-1990.
More,St./Sir Thomas,English writing in Latin,ca. 1477-1535.
Morgan,Robin,See Sisterhood is Powerful
Morgan,Thomas Hunt,American,1866-1945.
Morgann,Maurice,English,1726-1802.
Mörike,Eduard,German,1804-1875.
Morison,Samuel Eliot,American,1887-1976.
Morris,Edmund,American,1940- .
Morris,William,English,1834-1896.
Morris,Wright,American,1910-1998.
Morrison,Toni,American,1931- . Nobel Laureate
Morse,Edward S.,American,1838-1925.
Moses de Leon,See Zohar
Moss,Howard,American,1922- .
Moss,Thylias,American,1954- .
Mozi (Mo Tzu),Chinese,ca. 470-ca. 391 BCE.
Mrozek,Slawomir,Polish,1930- .
Muggeridge,Malcolm,English,1903-1990.
Muir,Edwin,Scottish,1887-1959.
Muldoon,Paul,Irish,1951- .
Müller,Herta,German,1953- . Nobel Laureate
Works.
Mumford,Lewis,American,1895-1990.
Munro,Alice,Canadian,1931- . Nobel Laureate
Munro,H. H.,See Saki
Murakami,Haruki,Japanese,1949- .
Murasaki Shikibu,Japanese,ca. 976-1015.
Murdoch,Iris,English,1919-1999.
Murphy,Michael,American,1930- .
Murray,Les A.,Australian,1938- .
Musil,Robert,Edler von,Austrian,1880-1932.
Musset,Alfred de,French,1810-1857.
Mutanabbi,al-,Arab,915-965.
Myrdal,Gunnar,Swedish,1898-1987.
Nabokov,Vladimir,Russian-American writing in English,1899-1977.
Næss,Arne,Norwegian,1912-2009.
Nagai Kafu,Japanese,1879-1959.
Nagarjuna,Indian writing in Sanskrit,2nd-3rd C.
Naipaul,V. S.,Trinidadian,1932- . Nobel Laureate
Nakanoin Masatada no musume,Japanese,b. 1258.
Namier,Lewis,English,1888-1960.
Narayan,R. K.,Indian writing in English,1906-2001.
Nash,Roderick,American,1939- .
Nashe,Thomas,English,1567-1601.
Natsume Soseki,Japanese,1867-1916.
Naylor,Gloria,American,1950- .
Needham,Joseph,English,1900-1995.
Neihardt,William G.,See Black Elk
Németh,Laszlo,Hungarian,1901-1975.
Neruda,Pablo,Chilean,1904-1973. Nobel Laureate
Nerval,Gérard de,French,1808-1855.
Nesbit,E.,English,1858-1924.
Neumann,Franz,German-American writing in German,1900-1954.
Various Authors,American,17th-20th C.
Various Authors,Various,20th C.
Various Authors,Christians writing in Greek,2nd C.
Various Authors,Yugoslavian,20th C.
Newman,John Henry,English,1801-1890.
Newton,Sir Isaac,English writing in English and Latin,1642-1727.
Nexø,Martin Andersen,See Andersen Nexø,Martin
Ngugi Wa Thiong'o,Kenyan writing in English,1938- .
Anonymous,German,ca. 12th C.
Nicomachus of Gerasa,Greek,fl. ca. 100 CE.
Niebuhr,Reinhold,American,1892-1971.
Nietzsche,Friedrich Wilhelm,German,1844-1900.
Nijo,Lady,See Nakanoin
Nin,Anaïs,American,1903-1977.
Nirala,Suryakant Tripathi,Indian writing in Hindi,1898-1961.
Nisargadatta,Maharaj,Indian writing in Marathi,1897-1981.
Nisbet,Robert,American,1913-1996.
Nixon,Richard,American,1913-1994.
Nizam al-Mulk,Hasan ibn Tusi,Persian,1018-1092.
Anonymous,Icelandic,ca. 1280.
Various Authors,Japanese,14th C.
Norris,Frank,American,1870-1902.
Various Authors,British and American,20th C.
Novalis (Friedrich von Hardenburg),German,1772-1801.
Nozick,Robert,American,1938-2002.
Nye,Robert,English,1939- .
Oakeshott,Michael,English,1901-1990.
Oates,Joyce Carol,American,1938- .
O'Brian,Patrick,English,1914-2000.
O'Brien,Edna,Irish,1932- .
O'Brien,Flann,Irish,1911-1966.
O'Casey,Sean,Irish,1884-1964.
O'Connor,Edwin,American,1918-1968.
O'Connor,Flannery,American,1925-1964.
O'Connor,Frank,Irish,1903-1966.
Oe,Kenzaburo,Japanese,1935- . Nobel Laureate
O'Hara,Frank,American,1926-1966.
O'Hara,John,American,1905-1970.
Okada,John,American,1923-1971.
Anonymous,Japanese,ca. 1200.
Okara,Gabriel,Nigerian writing in English,1931- .
Okigbo,Christopher,Nigerian writing in English,1932- .
Olds,Sharon,American,1942- .
Olesha,Yury,Russian,1899-1960.
Oliver,Mary,American,1935- .
Oliver,Paul,English,1927- .
Olsen,Tillie,American,1912-2007.
Olson,Charles,American,1910-1970.
Omar Khayyam,Persian,1048-1123?.
O'Neill,Eugene,American,1888-1953. Nobel Laureate
Ortega y Gasset,José,Spanish,1883-1955.
Orton,Joe,English,1933-1967.
Orwell,George,English,1903-1950.
Ostrovsky,Alexander Nikolayevich,Russian,1823-1886.
Otero,Blas de,Spanish,1916-1979.
Otway,Thomas,English,1652-1685.
Ovid,Roman,43 BCE-17 CE .
Owen,Wilfred,English,1893-1918.
Various authors,Various writing in English,First ed. pub. 1884-1928.
Oz,Amos,Israeli,1939- .
Ozick,Cynthia,American,1928- .
Padma Sambhava,Tibetan,c.717-c.762.
Pagels,Elaine,American,1943- .
Pagis,Dan,Israeli,1930- .
Paine,Thomas,English,1737-1809.
Paley,Grace,American,1922-2007.
Palmer,Robert,American,1945-1997.
Pamuk,Orhan,Turkish,1952- . Nobel Laureate
Works.
Various Authors,Indians writing in Sanskrit,5th C.
Pannenberg,Wolfhart,German,1928- .
Panofsky,Erwin,German-American writing in German and English,1892-1968.
Pareto,Vilfredo,Italian,1848-1923.
Parkman,Francis,American,1823-1893.
Parrington,Vernon Louis,American,1871-1929.
Parry,Milman,American,1902-1935.
Pascal,Blaise,French,1623-1662.
Pasolini,Pier Paolo,Italian,1922-1975.
Pasternak,Boris,Russian,1890-1960. Nobel Laureate
Patañjali,Indian writing in Sanskrit,ca. 300 CE.
Pater,Walter,English,1839-1894.
Patmore,Coventry,English,1823-1896.
Paton,Alan,South African,1903-1988.
Paul VI (Pope),See Vatican II
Pausanias,Greek,ca. 120-180.
Paustovsky,Konstantin,Russian,1892-1968.
Pavese,Cesare,Italian,1908-1950.
Pavlov,Ivan,Russian,1849-1936.
Paz,Octavio,Mexican,1914-1998. Nobel Laureate
Peacock,Thomas Love,English,1785-1866.
Peake,Mervyn,English,1911-1968.
Péguy,Charles,French,1873-1914.
Pekar,Harvey,American,1939-2010.
Pelé,Brazilian,1940- .
Pelikan,Jaroslav,American,1923- .
Pelzer,Dave,American,1960- .
Various Authors,French,11th to 20th C.
Various Authors,German,9th to 20th C.
Various Authors,Greek,8th C BCEto 20th C.
Various Authors,Japanese,3rd to 20th C.
Various Authors writing in Latin,Latin,3rd C BCE-20th C.
Various Authors writing in Spanish and Portuguese,Spanish and Portuguese,19th-20th C.
Various Authors,Russian,12th-20th C.
Various Authors writing in Spanish,Spanish,12th-20th C.
Penrose,Roger,English,1931- .
New York Times (publisher),American,Pub. 1971.
Pepys,Samuel,English,1633-1703.
Percy,Walker,American,1916-1990.
Péret,Benjamin,French,1899-1959.
Peretz,I. L.,Pole writing in Yiddish,1851-1915.
Pérez Galdós,Benito,Spanish,1843-1920.
Perse,St.-John,French,1887-1975. Nobel Laureate
Persius,Roman,34-62 CE.
Perucho,Joan,Catalan,1920- .
Pessoa,Fernando,Portuguese,1888-1935.
Peterson,Roger Tory,American,1908-1996.
Petöfi,Sandor,Hungarian,1823-1849.
Petrarch,Italian writing in Italian and Latin,1304-1374.
Petronius,Roman,d. 65 CE.
Philby,Kim,English,1912-1988.
Philo Judaeus of Alexandria,Alexandrian Greek,ca. 20 BCE-ca. 50 CE.
Pi Yen Lu,See Hekigan Roku
Piaget,Jean,Swiss writing in French,1896-1980.
Pindar,Greek,ca. 518-ca. 438 BCE.
Pinget,Robert,French,1920- .
Pinter,Harold,English,1930-2008. Nobel Laureate
Pipes,Richard,American,1923- .
Pirandello,Luigi,Italian,1867-1936. Nobel Laureate
Pires,José Cardoso,Portuguese,1925- .
Pirsig,Robert,American,1928- .
Pius X,St. (Pope),Italian writing in Latin,1835-1914.
Pius XI (Pope),Italian writing in Latin,1857-1939.
Pius XII (Pope),Italian writing in Latin,1876-1958.
Pizan,Christine de,See Christine de Pizan
Plaidy,Jean,English,1906-1993.
Planck,Max,German,1858-1947.
Plath,Sylvia,American,1932-1963.
Plato,Greek,428-348 BCE.
Platonov,Andrei,Russian,1899-1951.
Plautus,Roman,ca. 254-184 BCE.
Pliny the Younger,Roman,ca. 62-ca. 113 CE.
Plotinus,Greek,ca. 205-ca. 262.
Plunkett,James,Irish,1920- .
Plutarch,Greek,ca. 46-ca.120 CE .
Po Chü-I,See Bai Juyi
Pobedonostsev,Konstantin,Russian,1827-1907.
Poe,Edgar Allan,American,1809-1849.
Various Authors,Various Nations,Various.
Various Authors,French,Italian,Spanish,Portuguese,and German,19th-20th C.
Various Authors,Indians writing in Sanskrit,4th-10th C.
Various Authors,Africans writing in various languages,Africans (various languages),20th C.
Various Authors,Japanese,9th-13th C.
Various Authors,Icelandic,9th-12th C.
Various Authors,British and American,8th-20th C.
Various Authors,Dutch,12th-20th C.
Various Authors,British and American,Medieval to 20th C.
Poincaré,Jules Henri,French,1854-1912.
Polanyi,Karl,Austrian-American writing in English,1886-1964.
Various Authors,Polish,20th C.
Polo,Marco,Italian,ca. 1254-1324.
Ponge,Francis,French,1899-1988.
Pontopiddan,Henrik,Danish,1857-1943. Nobel Laureate
Works.
Popa,Vasko,Serbian,1922-1991.
Pope,Alexander,English,1688-1744.
Anonymous,Maya (Mexico and Central America),1519 ff..
Popper,Karl,Austrian-English writing in English,1902-1994.
Porphyry,Greek,233-ca. 301.
Porta,Antonio,Italian,1935- .
Porter,Katherine Anne,American,1890-1980.
Various Authors,Portuguese,16th-17th C.
Post,Emily,American,1873-1960.
Various Authors,Russian,20th C.
Potter,Beatrix,English,1866-1943.
Pound,Ezra,American,1885-1972.
Powell,Anthony,English,1905-2000.
Powell,Dawn,American,1896-1965.
Powys,John Cowper,English,1872-1963.
Various Authors,Indians writing in Sanskrit,1st C CE (translated into Chinese from 179).
Premchand,Indian writing in Urdu and Hindi,1880-1936.
Washington Post (publisher),American,Pub. 1974.
Various Authors,Greek,6th-5th C BCE.
Prévert,Jacques,French,1900-1977.
Prévost,Antoine-Francois,l'Abbé,French,1697-1763.
Priestley,J. B.,English,1894-1984.
Prince,F. T.,English,1912-2003.
Pritchett,V. S.,English,1900-1997.
Procopius,Byzantine Greek,ca. 498-ca. 560 .
Propertius,Roman,ca. 50-ca. 16 BCE.
Propp,V. I.,Russian,1895-1970.
Prose,Francine,American,1947- .
Various Authors,Various,16th C.
Proust,Marcel,French,1871-1922.
Prudhomme,Sully,See Sully Prudhomme
Ptolemy,Alexandrian Greek,ca. 100-170.
Pu Songling (P'u Sung-Ling),Chinese,1640-1715.
Pullman,Philip,English,1946- .
Purdy,James,American,1923- .
Pushkin,Alexanader Sergeyevich,Russian,1799-1837.
Pynchon,Thomas,American,1937- .
Qu Yuan,See Chu Ci
Quasimodo,Salvatore,Italian,1901-1968. Nobel Laureate
Anonymous,French,ca. 1225.
Quevedo y Villegas,Francisco Gómez,Spanish,1580-1645.
Revealed to Muhammad,Arab,ca. 610-632.
Rabe,David,American,1940- .
Rabelais,François,French,1483-1553.
Racine,French,1639-1699.
Radiguet,Raymond,French,1903-1923.
Raleigh,Sir Walter,English,ca. 1554-1618 .
Ramayana,See Valmiki
Ramsey,Charles George,American,1884-1963.
Rand,Ayn,American,1905-1982.
Ransome,Arthur,English,1884-1967.
Ransom,John Crowe,American,1888-1974.
Ravikovitch,Dalia,Israeli,1936-2005.
Rawls,John,American,1921-2002.
Read,Herbert,English,1893-1968.
Various Authors,Various,20th C.
Rechy,John,American,1934- .
Redol,Alves,Portuguese,1911-1969.
Reed,Ishmael,American,1938- .
Reed,John,American,1887-1920.
Reich,Wilhelm,Austrian,1897-1957.
Reisner,Marc,American,1948-2000.
Reitman,Ben L.,American,1879-1942.
Remarque,Erich Maria,German,1898-1970.
Rembrandt van Rijn,See Rosenberg
Renault,Mary,English,1905-1983.
Renoir,Jean,French,1894-1979.
Restif de la Bretonne,Nicolas,French,1734-1806.
Reverdy,Pierre,French,1889-1960.
Rexroth,Kenneth,American,1905-1982.
Rey,H. A.,American,1898-1977.
Reymont,Wladyslaw,Polish,1867-1925. Nobel Laureate
Works.
Rhodes,Richard,American,1937- .
Rhys,Jean,English,1894-1979.
Ribá,Carles,Catalan,1893-1959.
Rich,Adrienne,American,1929-2012.
Richardson,Samuel,English,1689-1761.
Richler,Mordecai,Canadian,1931-2001.
Richter,Conrad,American,1890-1968.
Riesman,David,American,1909-2002.
Various Authors,Indians writing in Sanskrit,12th-8th C BCE.
Riis,Jacob,American,1849-1914.
Rilke,Rainer Maria,German,1875-1926.
Rimbaud,Arthur,French,1854-1891.
Ritsos,Yannis,Greek,1909-1990.
Robbe-Grillet,Alain,French,1922-2008.
Roberts,Keith,English,1935-2000.
Robinson,Edwin Arlington,American,1869-1935.
Robinson,Marilynne,American,1944- .
Rochester,John Wilmot,Earl of,English,1647-1680.
Rodoreda,Merce,Catalan,1908-1983.
Roethke,Theodore,American,1908-1963.
Rogers,Carl R.,American,1902-1987.
Rojas,Fernando de,Spanish,ca. 1465-1541.
Rolland,Romain,French,1866-1944. Nobel Laureate
Works.
Various Authors,Romanian,19th-20th C.
Rombauer,Irma,American,1877-1962.
Ronsard,Pierre de,French,ca. 1524-1585.
Rorty,Richard,American,1931-2007.
Rosa,João Guimarães,Brazilian,1908-1967.
Rosenbaum,Jonathan,American,1943- .
Rosenberg,Isaac,English,1890-1918.
Rosenberg,Jakob,American,1893-1980.
Rossetti,Christina,English,1830-1894.
Rossetti,Dante Gabriel,English,1828-1882.
Roth,Henry,American,1906-1995.
Roth,Joseph,Austrian,1894-1939.
Roth,Philip,American,1933- .
Rougemont,Denis de,Swiss writing in French,1906-1985.
Rousseau,Jean Jacques,French,1712-1778.
Roussel,Raymond,French,1877-1933.
Rowley,William,See Thomas Middleton
Rowling,J. K.,English,1965- .
Ruiz,Juan (Archpriest of Hita),Spanish,ca. 1283-ca. 1350.
Rukeyser,Muriel,American,1913-1980.
Rulfo,Juan,Mexican,1918-1986.
Rumi,Jalal ad-Din,Persian,1207-1273.
Runciman,Steven,English,1903-2000.
Rushdie,Salman,Indian writing in English,1947- .
Ruskin,John,English,1819-1900.
Russell,Bertrand,English,1872-1970. Nobel Laureate
(See also Whitehead,Alfred North and Bertrand Russell)
Russo,Richard,American,1949- .
Rustaveli,Shota,Georgian,fl. 1200.
Sa'adawi,Nawal el,Egyptian (Arabic),1931- .
Saadi of Shiraz,Sheikh,See Sadi
Saba,Umberto,Italian,1883-1957.
Sachs,Nelly,German-Swedish writing in German,1891-1970. Nobel Laureate
Works.
Sacks,Oliver,American,1933-2015.
Various Authors,Indians writing in Gurumukhi,15th C.
Saddharma-Pundarika Sutra,See Lotus Sutra
Sade,Donatien Alphonse François,Marquis de,French,1740-1814.
Sa'di,Musharrif ad-Din bin Muslih,Persian,ca. 1208-ca. 1292.
Saga of Burnt Njal,See Njal's Saga
Sagan,Carl,American,1934-1996.
Said,Edward,Palestinian writing in English,1935-2003.
Saikaku Ihara,Japanese,1642-1693.
Saki (H. H. Munro),Scottish,1870-1916.
Salih,Tayeb,Sudanese writing in Arabic,1929- .
Salinas,Pedro,Spanish,1891-1951.
Salinger,J. D.,American,1919-2010.
Salter,James,American,1925- .
Saltykov-Shchedrin,Mikhail Yevgrafovich,Russian,1826-1889.
Samuelson,Paul,American,1915-2009.
San Pedro,Diego de,Spanish,fl. 1500.
Sand,George,French,1804-1876.
Sanger,Margaret,American,1879-1966.
Various Authors,Indians writing in Sanskrit,12th C BCE-14th C CE.
Sansom,William,English,1912-1976.
Santayana,George,Spanish-American,1863-1952.
Sappho,Greek,7th C BCE.
Saramago,José,Portuguese,1922-2010. Nobel Laureate
Sarashina,Lady,Japanese,1008-ca. 1064.
Sarduy,Severo,Cuban,1937-1993.
Saro-Wiwa,Ken,Nigerian writing in English,1941-1995.
Sarraute,Nathalie,French,1900-1999.
Sarton,May,American,1912-1995.
Sartre,Jean Paul,French,1905-1980. Nobel Laureate
Sassoon,Siegfried,English,1886-1967.
Anonymous,Armenian,11th-12th C traditions (first pub. 1874).
Saussure,Ferdinand de,Swiss writing in French,1857-1913.
Scève,Maurice,French,ca. 1510-ca. 1564.
Schama,Simon,English,1945- .
Schelling,Thomas,American,1921- .
Scheper-Hughes,Nancy,American,1944- .
Schiffmann,Erich,American.
Schiller,Friedrich von,German,1759-1805.
Schlegel,Friedrich,German,1772-1829.
Schlesinger,Arthur M.,Jr.,American,1917-2007.
Schlosser,Eric,American,1960- .
Schmidt,Arno,German,1914-1979.
Schnitzler,Arthur,Austrian,1862-1931.
Scholem,Gershom,Israeli,1897-1982.
Schopenhauer,Arthur,German,1788-1860.
Schott,Ben,English,1974- .
Schrödinger,Erwin,Austrian,1887-1961.
Schulberg,Budd,American,1914-2009.
Schulz,Bruno,Polish,1892-1942.
Schumacher,E. F. (Ernst),English,1911-1977.
Schumpeter,Joseph,Austrian-American writing in English,1883-1950.
Schuyler,James,American,1923-1991.
Schwartz,Delmore,American,1913-1966.
Schweitzer,Albert,German,1875-1965.
Sciascia,Leonardo,Italian,1921- .
Scitovsky,Tibor,American,1910-2002.
Scott,Paul,English,1920-1978.
Scott,Sir Walter,Scottish,1771-1832.
Scully,Vincent,American,1920- .
Seferis,George,Greek,1900-1971. Nobel Laureate
Sei Shonagon,Japanese,ca. 965-1035.
Seifert,Jaroslav,Czech,1901-1986. Nobel Laureate
Sen,Amartya,Indian writing in English,1933- .
Sena,Jorge de,Portuguese,1919- .
Sendak,Maurice,American,1928- .
Seneca,Roman,ca. 4 BCE-65 CE .
Senghor,Léopold S.,Senegalese,1906-2001.
Serge,Victor,Belgian,1890-1947.
Seuss,Dr. (Theodor Seuss Geisel),American,1904-1991.
Various Authors,Arab,6th C?.
Sextus Empiricus,Greek,fl. ca. 190.
Shabtai,Yaakov,Israeli,1934-1981.
Shahar,David,Israeli,1926- .
Shakespeare,William,English,1564-1616.
Traditional,Native American.
Shantideva,Indian writing in Sanskrit,7th/8th C.
Shaw,George Bernard,Irish,1856-1950. Nobel Laureate
Sheehan,Neil,American,1936- .
Sheldrake,Rupert,English,1942- .
Shelley,Mary Wollstonecraft,English,1797-1851.
Shelley,Percy Bysshe,English,1792-1822.
Shepard,Sam,American,1943- .
Sheridan,Richard Brinsley,Irish-English,1751-1816.
Shi Naian,Chinese,1296-1370.
Various Authors,Chinese,10th-8th C BCE.
Shilts,Randy,American,1951-1994.
Shimazaki Toson,Japanese,1872-1943.
Sholem Aleichem,Russian-American writing in Yiddish,1859-1916.
Sholokhov,Mikhail,Russian,1905-1984. Nobel Laureate
Shudraka,Indian writing in Sanskrit,ca. 400.
Shute,Nevil,Australian,1899-1960.
Sidney,Sir Philip,English,1554-1586.
Sienkiewicz,Henryk,Polish,1846-1916. Nobel Laureate
Works.
Sikelianos,Angelos,Greek,1884-1951.
Silko,Leslie Marmon,American,1948- .
Sillanpää,Frans Eemil,Finnish,1888-1964. Nobel Laureate
Works.
Sillitoe,Alan,English,1928- .
Sima Qian (Ssu-ma Ch'ien),Chinese,145-86 BCE.
Simic,Charles,American,1938- .
Simmel,Georg,German,1858-1918.
Simon,Claude,French,1913-2005. Nobel Laureate
Simon,Herbert,American,1916-2001.
Sinclair,Upton,American,1878-1968.
Singer,Charles,English,1876-1960.
Singer,Isaac Bashevis,Polish-American writing in Yiddish,1904-1980. Nobel Laureate
Singer,Israel Joshua,Polish-American writing in Yiddish,1893-1944.
Sinuhe,Egyptian,Ancient,ca. 2000 BCE.
Anonymous Authors,Arab,1080-1400.
Various Authors,American,1901-2000.
Situationist International,Various,1957-1972.
Skelton,John,English,ca. 1460-1529 .
Skinner,B. F.,American,1904-1990.
Skinner,Quentin,English,1940- .
Skvorecky,Josef,Czech,1924-2012.
Slater,Philip E.,American,1927- .
Sloterdijk,Peter,German,1947- .
Smart,Christopher,English,1722-1771.
Smiles,Samuel,English,1812-1904.
Smith,Adam,Scottish,1723-1790.
Smith,Anna Deveare,American,1950- .
Smith,Betty,American,1896-1972.
Smith,Delia,English,1941- .
Smith,Lillian,American,1897-1966.
Smith,Margaret,English,1884-1970.
Smith,Page,American,1917-1995.
Smith,Stevie,English,1902-1971.
Smith,Zadie,English,1975- .
Surgeon General (U.S.),American,Pub. 1964 and 1979.
Smollett,Tobias,Scottish,1721-1771.
Snorri Sturluson,Icelandic,1178-1241.
Snow,C. P.,English,1905-1980.
Snyder,Gary,American,1930- .
Söderberg,Hjalmar,Swedish,1869-1941.
Sogyal Rinpoche,Tibetan,1946?.
Solzhenitsyn,Aleksandr Isayevich,Russian,1918-2008. Nobel Laureate
Somadeva Bhatta,Indian writing in Sanskrit,11th C.
Song of Roland,See Chanson de Roland
Various Authors,French,12th C.
Sontag,Susan,American,1933-2004.
Sophocles,Greek,496-406 BCE.
Sorel,Georges,French,1847-1922.
Various Authors,Chinese,10th C BCE-20th C CE.
Various Authors,Indian and Pakistani,15th C BCE-20th C CE.
Southern,Terry,American,1924-1995.
Sowell,Thomas,American,1930- .
Soyinka,Wole,Nigerian writing in English,1934- . Nobel Laureate
Spark,Muriel,Scottish,1918-2006.
Spence,Jonathan,English,1936- .
Spencer,Herbert,English,1820-1903.
Spengler,Oswald,German,1880-1936.
Spenser,Edmund,English,ca. 1552-1599 .
Spicer,Jack,American,1925-1965.
Spiegelman,Art,American,1948- .
Spinoza,Baruch,Dutch writing in Latin,1632-1677.
Spitteler,Carl,Swiss writing in German,1845-1924. Nobel Laureate
Works.
Spock,Benjamin,American,1903-1998.
Various Authors,Indians writing in Sanskrit,5th C (Chinese translation).
Ssu-ma Ch'ien,See Sima Qian
Stafford,Jean,American,1915-1979.
Stampa,Gaspara,Italian,ca. 1523-1554.
Stanislavski,Konstantin,Russian,1863-1938.
Starhawk (Miriam Simos),American,1951- .
Stark,Freya,English,1893-1993.
Starr,Kenneth W.,American,1946- .
Stead,Christina,Australian,1902-1983.
Steele,Richard,See Joseph Addison
Steffens,Lincoln,American,1866-1936.
Stegner,Wallace,American,1909-1993.
Steichen,Edward,American,1879-1973.
Stein,Gertrude,American,1874-1946.
Steinbeck,John,American,1902-1968. Nobel Laureate
Stendhal,French,1783-1842.
Stephenson,Neal,American,1959- .
Stern,Fritz,American,1926- .
Sterne,Laurence,English,1713-1768.
Stevens,Wallace,American,1879-1955.
Stevenson,Robert Louis,Scottish,1850-1894.
Stickney,Trumbull,American,1874-1904.
Stifter,Adalbert,Austrian,1805-1868.
Stoker,Bram,Irish,1847-1912.
Stone,Robert,American,1937-2015.
Stoppard,Tom,English,1937- .
Storm,Thedor,German,1817-1868.
Stowe,Hariet Beecher,American,1811-1896.
Strachey,Lytton,English,1880-1932.
Strand,Mark,American,1934-2014.
Strauss,Leo,German-American writing in English,1899-1973.
Strindberg,August,Swedish,1849-1912.
Strunk,William and E. B. White,American,1869-1946 and 1899-1985.
(See also White,E. B)
Stumpf,Samuel,American,1918-1998.
Styron,William,American,1925-2006.
Su Dongpo (Su Tung-p'o; also known as Su Shih),Chinese,1036-1101.
Sudraka,See Shudraka
Suetonius,Roman,ca. 69-ca. 150 CE.
Sukhanov,N. N.,Russian,1882-1940.
Various Authors,Indians writing in Sanskrit,2nd C CE (Chinese translation).
Sully Prudhomme,French,1839-1907. Nobel Laureate
Works.
Sunset Books,American,First pub. 1933.
Sun-tzu (Sunzi),Chinese,ca. 450-380 BCE.
Surrey,Henry Howard,Earl of,English,ca. 1517-1547 .
Süskind,Patrick,German,1949- .
Suzuki,D. T.,Japanese,1870-1966.
Svevo,Italo,Italian,1861-1928.
Swenson,May,American,1919-1989.
Swift,Jonathan,Irish,1667-1745.
Swinburne,Algernon Charles,English,1837-1909.
Synge,John Millington,Irish,1871-1909.
Szasz,Thomas,American,1920- .
Szymborska,Wislawa,Polish,1923-2012. Nobel Laureate Works.
Tacitus,Roman,ca. 55-ca. 117 CE .
Tagore,Rabindranath,Indian writing in Bengali,1861-1941. Nobel Laureate
Takeda Izumo,Japanese,ca. 1690-ca. 1749.
Talmon,J. T.,Israeli,1916-1980.
Various Authors,Mesopotamian Jews writing in Hebrew and Aramaic,2nd to 6th C.
Various Authors,Indians writing in Tamil.
Various Authors,Chinese,618-907.
Tanizaki Junichiro,Japanese,1886-1965.
Tao Qian (T'ao Ch'ien; also known as Tao Yuanming),Chinese,365-427.
Tarbell,Ida,American,1857-1944.
Tarkington,Booth,American,1869-1946.
Tasso,Torquato,Italian,1544-1595.
Tate,Allen,American,1899-1979.
Tawney,R. H.,English,1880-1962.
Taylor,A. J. P.,English,1906-1990.
Taylor,Angus,American,1911-1999.
Taylor,Jeremy,English,1613-1697.
Traditional,Various,Earliest times-19th C.
Various Authors,Indians writing in Tamil,1st C BCE-3rd C CE.
Tennyson,Alfred,Lord,English,1809-1892.
Terence,Roman,ca. 195-159 BCE.
Teresa of Avila,St. (Teresa de Jesús),Spanish,1515-1582.
Terkel,Studs,American,1912-2008.
Various Authors,Chinese,6th C ff..
Various Authors,Japanese,6th C ff..
Various Authors,Chinese,6th-4th C BCE.
Tey,Josephine,Scottish,1896-1952.
Thackeray,William Makepeace,English,1811-1863.
Thelwell,Michael,Jamaican,1939- .
Theocritus,Greek,3rd C BCE.
Theophrastus,Greek,ca. 372-ca. 287 BCE.
Theroux,Alexander,American,1939- .
Theroux,Paul,American,1941- .
Thomas à Kempis,German writing in Latin,1380-1471.
Thomas Aquinas,St.,Italian writing in Latin,ca. 1225-1274 .
Thomas,Dylan,Welsh,1914-1953.
Thomas,Edward,English,1878-1917.
Thomas,Keith,Welsh,1933- .
Thomas,Lewis,American,1913-1993.
Thomas,R. S.,Welsh,1913-2000.
Thompson,D'Arcy,Scottish,1860-1948.
Thompson,E. P.,English,1924-1993.
Thompson,Francis,English,1859-1907.
Thompson,Hunter S.,American,1937-2005.
Thomson,David,English,1941- .
Thomson,James (Bysshe Vanolis),Scottish,1834-1882.
Thoreau,Henry David,American,1817-1862.
Anonymous,Arab,ca. 1500.
Various Authors,Vietnamese,11th-20th C.
Thucydides,Greek,470/460-ca.400 BCE.
Thurber,James,American,1894-1961.
Tillich,Paul,German-American writing in English,1886-1965.
Tinbergen,Niko,Dutch,1907-1988.
Tocqueville,Alexis de,French,1805-1859.
Toer,Pramoedya Ananta,Indonesian,1925- .
Toffler,Alvin,American,1928- .
Tokutomi Kenjiro,Japanese,1868-1927.
Tolkien,J. R. R.,English,1892-1973.
Tolson,M. B.,American,1900-1966.
Tolstoy,Leo Nikolayevich,Russian,1828-1910.
Toole,John Kennedy,American,1937-1969.
Toomer,Jean,American,1894-1967.
Tourneur,Cyril,English,ca. 1575-1626.
Tournier,Michel,French,1924- .
Toynbee,Arnold,English,1889-1975.
Traherne,Thomas,English,1637-1674.
Trakl,Georg,Austrian,1887-1914.
Tranströmer,Tomas,Swedish,1931-2015. Nobel Laureate
Trench,Richard,English,1949- .
Trevor,William,Irish,1928- .
Trilling,Lionel,American,1905-1975.
Various Authors,Indians writing in Pali,5th C BCE.
Troeltsch,Ernst,German,1865-1923.
Trollope,Anthony,English,1815-1882.
Truffaut,Francois,French,1932-1984.
Truss,Lynne,English,1955- .
Ts'ao Hsüeh-ch'in,See Cao Xueqin
Tsvetayeva,Marina Ivanova,Russian,1892-1941.
Tu Fu,See Du Fu
Tuchman,Barbara,American,1912-1989.
Tuckerman,Frederick Goddard,American,1821-1873.
Turgenev,Ivan Sergeyevich,Russian,1818-1883.
Turner,Frederick Jackson,American,1861-1932.
Tutuola,Amos,Nigerian writing in English,1920-1997.
Twain,Mark,American,1835-1910.
Tyler,Anne,American,1941- .
Tyng,Sewell,American,1895-1946.
Tzara,Tristan,French,1896-1963.
Ueda Akinari,Japanese,1734-1809.
Ueland,Brenda,American,1891-1985.
Unamuno,Miguel de,Spanish,1864-1936.
Undset,Sigrid,Norwegian,1882-1949. Nobel Laureate
Ungaretti,Giuseppe,Italian,1888-1970.
United Nations,Various,Pub. 1945.
United States documents,See American State Papers
United States Supreme Court,American,1789- .
Various Authors,Indians writing in Sanskrit,ca. 1000-500 BCE.
Updike,John,American,1932-2009.
Valentine,Douglas,American,1949- .
Valéry,Paul,French,1871-1945.
Vallejo,César,Peruvian,1892-1938.
Valmiki,Indian writing in Sanskrit,ca. 300 BCE.
Van Doren,Charles,See Adler,Mortimer
Van Gogh,Vincent,See Gogh,Vincent van
Vargas Llosa,Mario,Peruvian,1936- . Nobel Laureate
Vasari,Giorgio,Italian,1511-1574.
Various clerics convened by Popes John XXIII and Paul VI,Latin,Pub. 1962-1965.
(See also John XXIII)
Vatsyayana,Indian writing in Sanskrit,ca. 4th C.
Vaughan,Henry,Welsh,1621-1695.
Veblen,Thorstein,American,1857-1929.
Anonymous (Badarayana?),Indian writing in Sanskrit,ca. 4th C BCE-2nd C CE.
Various Authors,Indians writing in Sanskrit,12th-8th C BCE.
Vega,Lope de,Spanish,1562-1635.
Vélez de Guevara,Luis,Spanish,1579-1644.
Velikovsky,Immanuel,Russian-American writing in English,1895-1979.
Verga,Giovanni,Italian,1840-1922.
Verlaine,Paul,French,1844-1896.
Verne,Jules,French,1828-1905.
Very,Jones,American,1813-1880.
Vesaas,Tarjei,Norwegian,1897-1970.
Veyne,Paul,French,1930- .
Vicente,Gil,Portuguese writing in Spanish and Portuguese,ca. 1465-ca. 1536.
Vico,Giovanni Battista,Italian,1668-1744.
Vidal,Gore,American,1925-2012.
Vidyapati Thakur,Indian writing in Sanskrit and Bihari,1352-ca. 1448.
Viete,Francois,French writing in Latin,1540-1603.
Vigny,Alfred de,French,1797-1863.
Villas Boas,Orlando and Claudio,Brazilian,1914-2002 and 1916-1998.
Villon,French,1431-ca. 1462.
Anonymous,Indian Buddhist writing in Sanskrit,2nd C CE.
Virgil,Roman,70-19 BCE.
Vittorini,Elio,Italian,1908-1966.
Vo Nguyen Giap,Vietnamese,1911-2013.
Voltaire,French,1694-1778.
Von Neumann,John,American,1903-1957.
Vonnegut,Kurt,Jr.,American,1922-2007.
Vyasa,Indian writing in Sanskrit,ca. 200 BCE.
W.,Bill (Bill Wilson),American,1895-1971.
Waddington,C. H.,English,1905-1975.
Wade,Thomas,English,1805-1875.
Wagner,Richard,German,1813-1883.
Walcott,Derek,St. Lucian,1930- . Nobel Laureate
Wald,Lillian,American,1867-1940.
Walker,Alice,American,1944- .
Wallace,David Foster,American,1962-2008.
Walser,Robert,German,1927- .
Walton,Izaak,English,1593-1683.
Walzer,Michael,American,1935- .
Wambaugh,Joseph,American,1937- .
Wang Chong (Wang Ch'ung),Chinese,27-ca. 97 CE.
Wang Shifu,Chinese,fl. 1295-1307.
Wang Wei,Chinese,ca. 699-ca. 761 .
Wang Yangming,Chinese,1472-1529.
Wanniski,Jude,American,1936- .
Warner,Rex,English,1905-1986.
Warren,Robert Penn,American,1905-1989.
Washington,Booker T.,American,1856-1915.
Wasson,R. Gordon,American,1898-1986.
Watson,James D.,American,1928- .
Watson,John,American,1878-1958.
Waugh,Evelyn,English,1903-1966.
Weaver,Richard,American,1910-1963.
Webb,George,Native American,1892?-1964.
Weber,Max,German,1864-1920.
Webster,John,English,ca. 1578-ca. 1632 .
Merriam Company,American,Pub. 1961.
Wedekind,Frank,German,1864-1918.
Wells,H. G.,English,1866-1946.
Welty,Eudora,American,1909-2001.
Werfel,Franz,Czech writing in German,1890-1945.
West,Cornel,American,1953- .
West,Nathanael,American,1904-1940.
West,Rebecca,English,1892-1983.
Wharton,Edith,American,1862-1937.
Wheelock,Frederic M.,American,1902-1987.
Wheelwright,John B.,American,1897-1940.
White,E. B.,American,1899-1985.
(See also Strunk,William and E. B. White)
White,Edmund,American,1940- .
White,Gilbert,English,1720-1793.
White,Patrick,Australian,1912-1990. Nobel Laureate
White,T. H.,English,1906-1984.
White,Theodore H.,American,1915-1986.
Whitehead,Alfred North,English,1861-1947.
(See also Whitehead,Alfred North and Russell,Bertrand)
Whitehead,Alfred North and Bertrand Russell,English,1861-1947 and 1872-1970.
(See also Whitehead,Alfred North and Russell,Bertrand)
Whitman,Walt,American,1819-1892.
Whittier,John Greenleaf,American,1807-1892.
Wideman,John Edgar,American,1941- .
Wiener,Norbert,American,1894-1964.
Wiesel,Elie,Romanian-American writing in French,1928- .
Wilbur,Richard,American,1921- .
Wilcox,James,American,1949- .
Wilde,Oscar,Irish,1854-1900.
Wilder,Thornton,American,1897-1975.
Williams,Tennessee,American,1911-1983.
Williams,Terry Tempest,American,1955- .
Williams,William Appleman,American,1921-1990.
Williams,William Carlos,American,1883-1963.
Williamson,Henry,English,1895-1977.
Wilmot,Chester,Australian,1911-1954.
Wilson,Angus,English,1913-1991.
Wilson,August,American,1945-2005.
Wilson,Edmund,American,1895-1972.
Wilson,Edward O.,American,1929- .
(See also Hoelldobler,Bert and Edward O. Wilson)
Winterson,Jeanette,English,1959- .
Wittfogel,Karl,German-American writing in English,1896-1988.
Wittgenstein,Ludwig,Austrian,1889-1941.
Wodehouse,P. G.,English,1881-1975.
Wolf,Christa,German,1929-2011.
Wolf,Naomi,American,1962- .
Wolfe,Thomas,American,1900-1938.
Wolfe,Tom,American,1931- .
Wolff,Tobias,American,1945- .
Wolff,Geoffrey,American,1937- .
Wolfram von Eschenbach,German,ca. 1170-ca. 1220.
Wollstonecraft,Mary,English,1759-1797.
Woodham-Smith,Cecil,Welsh,1896-1977.
Woodward,C. Vann,American,1908-1999.
Woolf,Virginia,English,1882-1941.
Woolman,John,American,1720-1772.
Wordsworth,Dorothy,English,1771-1855.
Wordsworth,William,English,1770-1850.
Worster,Donald,American,1941- .
Wouk,Herman,American,1915- .
Wrede,Patricia C.,American,1953- .
Wright,Charles,American,1935- .
Wright,Frank Lloyd,American,1867-1959.
Wright,James,American,1927-1980.
Wright,Jay,American,1935- .
Wright,Judith,Australian,1915-2000.
Wright,Martin,English,1930- .
Wright,Richard,American,1908-1960.
Wu Cheng'en (Wu Chengen),Chinese,1500-1582.
Wu Qingzi (Wu Ch'ing-tzu),Chinese,1701-1754.
Wyatt,Sir Thomas,English,1503-1542.
Wycherley,William,English,1641-1715.
Wylie,Elinor,American,1885-1928.
Wyndham,John,English,1903-1969.
X,Malcolm,American,1925-1965.
Xenophon,Greek,ca. 429-ca. 354 BCE.
Xie Lingyun,Chinese,385-433.
Xunzi (Hsun Tzu),Chinese,ca. 313-238 BCE.
Yamauchi,Wakako,American,1924- .
Yates,Frances,English,1899-1981.
Yates,Richard,American,1926-1992.
Yeats,William Butler,Irish,1865-1939. Nobel Laureate
Yehoshua,A. B.,Israeli,1936- .
Various Authors,Indians writing in Sanskrit,6th C. .
Yoshimoto,Banana,Japanese,1964- .
Yourcenar,Marguerite,French,1903-1987.
Yuan Mei,Chinese,1716-1798.
Yunus Emre,Turkish,1240?-1321?.
Zach,Nathan,Israeli,1930- .
Zagajewski,Adam,Polish,1945- .
Zamyatin,Yevgeny Ivanovich,Russian,1884-1937.
Zanzotto,Andrea,Italian,1921- .
Zeami,Japanese,1363-1443.
Various Authors,Parsis (Persian,later Indian) writing in Avestan,Parsis writing in Avestan,ca. 300 CE.
Zhu Xi,Chinese,1130-1200.
Zhuangzi,See Chuang-tzu
Zinn,Howard,American,1922-2010.
Various authors probably including Moses de Leon (c. 1240-1305),Jews in Spain writing in Hebrew and Aramaic,13th C.
Zola,Émile,French,1840-1902.
Zoshchenko,Mikhail,Russian,1895-1958.
Zweig,Stefan,Austrian,1881-1942.